balance,income,student
1390,21299,-1
1034,23825,-1
551,19110,-1
813,16681,-1
852,14726,-1
684,4985,-1
1474,17817,-1
1402,13871,-1
1344,17280,-1
478,22754,-1
204,16434,-1
270,13158,-1
1847,19389,-1
820,19802,-1
1749,21359,-1
153,17840,-1
1790,14307,-1
548,19501,-1
1438,19201,-1
1089,19054,-1
697,22254,-1
1020,2703,-1
823,17254,-1
770,22115,-1
1407,25590,-1
517,17068,-1
1296,15709,-1
602,16266,-1
509,19963,-1
1547,14981,-1
1001,14689,-1
510,21929,-1
312,18534,-1
851,18787,-1
1534,19592,-1
1508,14632,-1
1766,18053,-1
1500,16943,-1
384,17445,-1
1765,17996,-1
1238,26854,-1
1578,19886,-1
485,15884,-1
1587,25819,-1
631,23245,-1
1077,14668,-1
1453,15933,-1
1196,19666,-1
576,13537,-1
871,13144,-1
1242,12059,-1
1165,23297,-1
1008,13547,-1
1038,15581,-1
1812,17962,-1
1331,13793,-1
450,21178,-1
974,20108,-1
1201,13773,-1
672,24495,-1
1015,15253,-1
1005,18262,-1
980,13714,-1
1306,20776,-1
996,20883,-1
514,18935,-1
820,10175,-1
161,19687,-1
712,17273,-1
297,19384,-1
748,19330,-1
1579,15112,-1
706,11122,-1
620,15751,-1
1581,17331,-1
479,27512,-1
1543,18305,-1
1678,8154,-1
879,12055,-1
1036,20393,-1
825,15159,-1
310,12135,-1
2292,20837,-1
1251,11230,-1
889,21820,-1
595,13181,-1
838,13216,-1
916,28840,-1
805,17903,-1
149,15646,-1
1947,13158,-1
1231,13364,-1
16,24291,-1
324,19145,-1
572,15633,-1
1399,22736,-1
771,15594,-1
1762,17032,-1
293,15221,-1
699,19790,-1
1985,22248,-1
1237,16299,-1
533,20556,-1
1305,18074,-1
598,12386,-1
876,18697,-1
655,18266,-1
888,20563,-1
706,18448,-1
951,17712,-1
1406,27071,-1
815,18446,-1
955,25315,-1
678,12787,-1
637,19705,-1
209,17966,-1
867,11906,-1
2128,22664,-1
2177,17660,-1
1704,17987,-1
1113,19139,-1
671,11857,-1
1777,21281,-1
1059,11742,-1
1099,21026,-1
844,17992,-1
711,22000,-1
996,13648,-1
483,12597,-1
729,18330,-1
1563,10354,-1
367,16296,-1
1204,19303,-1
715,21309,-1
951,20436,-1
1131,20863,-1
632,17845,-1
1282,7230,-1
364,21488,-1
1182,17223,-1
859,13994,-1
1957,18806,-1
1133,16749,-1
1391,18309,-1
339,19308,-1
1010,18002,-1
952,14355,-1
1039,17056,-1
1178,7750,-1
704,19318,-1
588,22669,-1
1577,15231,-1
687,10544,-1
1274,20104,-1
709,18306,-1
221,20149,-1
1018,18239,-1
1005,13870,-1
1160,15941,-1
1031,24636,-1
889,14273,-1
1127,14298,-1
1039,10415,-1
1182,11785,-1
1655,17270,-1
192,24050,-1
1021,8971,-1
403,12256,-1
1182,21086,-1
1075,22729,-1
823,22376,-1
555,11581,-1
790,19281,-1
1215,11789,-1
1032,21432,-1
1415,17955,-1
791,14184,-1
715,21154,-1
1144,18903,-1
971,19097,-1
1165,10355,-1
1180,18954,-1
1681,10155,-1
984,16578,-1
462,17610,-1
1150,16908,-1
804,16554,-1
1225,22327,-1
781,18302,-1
243,20427,-1
704,13472,-1
1151,23706,-1
1248,19817,-1
995,8751,-1
379,18280,-1
702,17607,-1
825,29088,-1
1353,16728,-1
1116,22553,-1
164,17996,-1
1806,19168,-1
618,24699,-1
1035,19106,-1
1336,12843,-1
774,14559,-1
1377,17077,-1
1120,29045,-1
1701,20845,-1
597,12661,-1
62,20267,-1
874,10845,-1
1521,20044,-1
1002,17797,-1
495,14882,-1
740,23469,-1
1407,14688,-1
1380,14142,-1
1071,19313,-1
386,22528,-1
793,8700,-1
1067,15553,-1
852,20949,-1
1205,18102,-1
978,15074,-1
1166,20495,-1
770,11263,-1
172,14956,-1
1899,20655,-1
892,17842,-1
605,16153,-1
824,11659,-1
732,26433,-1
1410,21570,-1
1503,10600,-1
785,11643,-1
782,23447,-1
879,17497,-1
439,17400,-1
912,21083,-1
1366,22302,-1
1351,14003,-1
1247,15523,-1
759,18693,-1
435,19900,-1
740,24710,-1
1161,18420,-1
1087,17061,-1
960,18482,-1
1357,19481,-1
838,19806,-1
402,15256,-1
857,19057,-1
546,19454,-1
145,19927,-1
865,22082,-1
886,21211,-1
375,19342,-1
1657,10852,-1
1564,19373,-1
1137,25118,-1
1172,22793,-1
1219,11362,-1
1940,13837,-1
1437,22925,-1
610,19010,-1
1353,18933,-1
1659,14821,-1
1252,13861,-1
1315,27960,-1
1617,12558,-1
1578,11951,-1
1278,20650,-1
1796,12548,-1
1264,12419,-1
1328,11021,-1
1252,17622,-1
889,10383,-1
1195,18943,-1
1519,23878,-1
344,20440,-1
1196,23851,-1
1259,22361,-1
885,27209,-1
1302,16292,-1
795,24606,-1
1957,15574,-1
514,9879,-1
552,21263,-1
990,23417,-1
1874,19592,-1
722,14662,-1
1004,13422,-1
596,16085,-1
991,8927,-1
1535,17085,-1
579,20910,-1
108,17942,-1
1490,15911,-1
1443,22694,-1
2149,15094,-1
1314,20030,-1
1807,17648,-1
1214,18055,-1
497,21059,-1
1181,19139,-1
575,16480,-1
1039,13740,-1
626,23123,-1
1345,23169,-1
564,16502,-1
1540,15241,-1
1430,20847,-1
583,23694,-1
717,20628,-1
2047,13679,-1
149,22803,-1
139,13006,-1
957,19595,-1
998,13800,-1
191,21745,-1
1423,14045,-1
783,13300,-1
607,16374,-1
789,20370,-1
1152,18644,-1
1022,14501,-1
396,19541,-1
1268,11915,-1
80,14391,-1
848,15979,-1
770,23049,-1
1227,12128,-1
1427,12554,-1
471,18052,-1
1311,16743,-1
697,2981,-1
1031,16569,-1
240,21142,-1
670,17110,-1
840,21097,-1
929,23237,-1
516,16615,-1
283,13371,-1
560,15720,-1
585,22430,-1
788,10418,-1
1467,20904,-1
1152,15098,-1
531,21727,-1
435,14813,-1
789,18232,-1
1371,16205,-1
732,18117,-1
1704,20892,-1
1594,21515,-1
326,21109,-1
1081,16900,-1
1767,15423,-1
967,14725,-1
1560,22048,-1
904,23189,-1
639,17037,-1
757,26674,-1
720,24583,-1
791,20569,-1
1060,22796,-1
775,15194,-1
926,17661,-1
826,14539,-1
880,14898,-1
1027,23637,-1
567,11854,-1
793,17346,-1
865,8624,-1
1472,19775,-1
1436,21511,-1
100,4377,-1
1129,17232,-1
1464,21826,-1
983,17002,-1
1175,13026,-1
540,13120,-1
230,24777,-1
1301,13676,-1
1461,24960,-1
635,18344,-1
1391,15886,-1
794,21172,-1
1000,14071,-1
954,25821,-1
1670,20301,-1
933,20695,-1
953,15083,-1
687,14059,-1
580,18556,-1
1684,20344,-1
390,9114,-1
1200,10818,-1
1528,22664,-1
106,17639,-1
856,20758,-1
1088,18053,-1
235,13361,-1
1143,15997,-1
1276,15887,-1
503,18728,-1
584,12241,-1
1508,17645,-1
571,15416,-1
325,15963,-1
1198,17452,-1
801,14680,-1
916,16889,-1
875,14637,-1
714,19996,-1
601,21614,-1
1165,17930,-1
1261,26085,-1
1425,21853,-1
410,25574,-1
606,16958,-1
1296,22242,-1
913,17140,-1
1270,772,-1
1304,7986,-1
1367,23913,-1
843,12269,-1
469,13945,-1
1469,15978,-1
288,13060,-1
1569,13711,-1
699,17573,-1
385,21364,-1
1161,13913,-1
779,10490,-1
442,17072,-1
1106,13126,-1
1509,25338,-1
699,25103,-1
1172,17642,-1
2388,7832,-1
401,15332,-1
1290,23539,-1
1524,11720,-1
1504,18711,-1
1092,20465,-1
895,23657,-1
1368,12449,-1
1155,18442,-1
656,19039,-1
1055,24188,-1
834,11078,-1
908,27417,-1
903,15811,-1
1087,19264,-1
1789,17668,-1
1557,19272,-1
221,16873,-1
409,18472,-1
1036,15068,-1
1637,17533,-1
838,23699,-1
1197,10834,-1
316,13186,-1
1707,20805,-1
1147,14336,-1
962,13389,-1
745,15712,-1
177,15176,-1
677,16999,-1
1209,12831,-1
1822,15802,-1
585,19625,-1
866,16643,-1
1234,12268,-1
1273,20430,-1
509,22664,-1
1794,22741,-1
1605,15467,-1
2206,14271,-1
1807,11506,-1
575,16006,-1
1252,16491,-1
1398,26605,-1
544,20057,-1
944,26028,-1
2287,18692,-1
607,26719,-1
887,14959,-1
1749,13715,-1
1601,24223,-1
266,23775,-1
296,25452,-1
577,22801,-1
452,22316,-1
1002,24772,-1
1305,13497,-1
717,16319,-1
1416,22824,-1
782,22693,-1
1185,19798,-1
563,22324,-1
634,14110,-1
605,19369,-1
1030,9760,-1
469,14647,-1
1241,4665,-1
1549,19702,-1
1105,11529,-1
1259,10921,-1
1661,13695,-1
139,24734,-1
468,25424,-1
1371,24249,-1
786,20954,-1
755,30340,-1
678,18930,-1
1071,12708,-1
1945,13026,-1
1610,19649,-1
465,20379,-1
493,10154,-1
468,27055,-1
500,22885,-1
1013,19651,-1
970,21413,-1
840,16883,-1
2114,21101,-1
1217,10520,-1
1100,17064,-1
1487,17854,-1
872,9789,-1
1011,20983,-1
1135,20068,-1
674,13345,-1
843,17280,-1
403,22752,-1
718,23407,-1
444,23692,-1
1778,24821,-1
811,19926,-1
140,11179,-1
714,20677,-1
745,12878,-1
839,21383,-1
1056,9045,-1
931,22920,-1
1337,21309,-1
428,15447,-1
1149,11337,-1
598,16527,-1
1006,22128,-1
1546,13960,-1
49,16647,-1
1738,7154,-1
501,23091,-1
979,16514,-1
973,23034,-1
1321,20302,-1
1168,23502,-1
1293,14859,-1
815,26064,-1
1327,25853,-1
553,21358,-1
2146,23516,-1
1261,22372,-1
1647,16154,-1
321,12590,-1
1465,26717,-1
172,24809,-1
655,14504,-1
905,13486,-1
1217,16450,-1
1962,17864,-1
1231,20000,-1
1413,18234,-1
1128,15187,-1
294,10593,-1
1869,20490,-1
1072,11082,-1
683,12368,-1
639,12323,-1
402,15904,-1
1033,13901,-1
1113,13635,-1
466,14519,-1
1380,15509,-1
992,22325,-1
1518,16740,-1
1299,14975,-1
1316,16328,-1
877,13373,-1
1320,23374,-1
381,20118,-1
1167,18677,-1
1143,12894,-1
942,23363,-1
716,16785,-1
613,17665,-1
592,8815,-1
1195,21649,-1
697,18377,-1
1466,17679,-1
650,13409,-1
501,22393,-1
861,11576,-1
2052,13131,-1
1431,20577,-1
888,22902,-1
1122,20351,-1
1603,15906,-1
832,19797,-1
883,8834,-1
1895,16395,-1
1169,19879,-1
1179,16923,-1
244,19773,-1
1056,15432,-1
1134,12453,-1
704,13903,-1
378,19571,-1
510,19683,-1
378,18660,-1
251,19374,-1
1380,19246,-1
483,15067,-1
1177,13737,-1
560,23546,-1
1788,26229,-1
682,19925,-1
1292,16114,-1
1122,13929,-1
1231,15717,-1
384,11778,-1
1524,15709,-1
1889,22652,-1
1322,21273,-1
729,22892,-1
921,14195,-1
1394,16658,-1
1213,13723,-1
686,12362,-1
1741,18161,-1
883,12717,-1
1453,15184,-1
652,17743,-1
1246,15757,-1
954,18363,-1
942,22181,-1
1670,23742,-1
1061,21431,-1
944,14124,-1
211,19075,-1
1036,13959,-1
1096,16128,-1
1238,14863,-1
431,15606,-1
887,21793,-1
271,25158,-1
1418,12789,-1
10,24582,-1
976,18247,-1
669,16805,-1
406,30088,-1
1068,13639,-1
1516,26378,-1
1288,21217,-1
991,16842,-1
1358,11403,-1
959,16082,-1
1166,14969,-1
1093,27128,-1
910,19164,-1
1322,22930,-1
58,23639,-1
813,24824,-1
666,11952,-1
976,12103,-1
1849,18129,-1
1219,29900,-1
1215,15994,-1
1421,20198,-1
129,20571,-1
358,14339,-1
1571,16239,-1
1015,12240,-1
648,13618,-1
802,18698,-1
915,21546,-1
326,16989,-1
1420,26425,-1
735,11868,-1
1312,15565,-1
1145,12906,-1
969,13868,-1
567,25398,-1
948,22048,-1
1163,27309,-1
820,16413,-1
1582,20215,-1
1728,11608,-1
673,20926,-1
1301,9267,-1
1190,16241,-1
1204,20905,-1
809,17600,-1
880,20177,-1
542,16336,-1
1460,15575,-1
550,20323,-1
876,22475,-1
774,12290,-1
937,18412,-1
644,21323,-1
147,12716,-1
1401,16683,-1
699,26769,-1
1189,22867,-1
880,23997,-1
1245,16773,-1
866,18064,-1
1218,20977,-1
97,12732,-1
1614,11334,-1
456,12587,-1
712,21407,-1
1412,17050,-1
220,18402,-1
1101,20937,-1
1178,12077,-1
854,12843,-1
969,16864,-1
967,27078,-1
732,21986,-1
991,18197,-1
1200,16455,-1
1262,15636,-1
1214,17374,-1
3,18710,-1
1683,23344,-1
1738,20974,-1
1521,15210,-1
1463,11579,-1
1676,20773,-1
1202,14037,-1
2134,17898,-1
459,18444,-1
1384,17245,-1
1740,21593,-1
1272,19000,-1
235,20910,-1
20,21530,-1
457,5297,-1
1208,17721,-1
614,9506,-1
1108,10853,-1
979,26011,-1
1016,21363,-1
1187,24267,-1
836,9272,-1
480,14867,-1
782,21342,-1
724,28289,-1
758,12662,-1
806,22127,-1
1062,17503,-1
1379,14330,-1
1972,22040,-1
1288,22920,-1
802,19000,-1
1071,14833,-1
237,21377,-1
970,17940,-1
703,21412,-1
765,11976,-1
1844,14238,-1
41,18665,-1
758,20936,-1
194,18003,-1
1725,19916,-1
1299,18756,-1
1246,9847,-1
2047,17911,-1
1009,8869,-1
1060,18617,-1
385,22396,-1
529,17246,-1
982,20148,-1
997,16996,-1
1778,21574,-1
1233,22109,-1
906,20285,-1
843,12043,-1
1390,21735,-1
894,15093,-1
700,14829,-1
1084,8584,-1
1403,28208,-1
893,11906,-1
492,23690,-1
769,21718,-1
1531,13004,-1
886,17534,-1
601,15897,-1
1196,14916,-1
1535,21678,-1
850,18619,-1
811,17975,-1
1027,16259,-1
267,28453,-1
1827,19616,-1
1741,17478,-1
1196,13330,-1
726,23203,-1
966,23117,-1
1511,14983,-1
132,20066,-1
1519,18925,-1
1233,12586,-1
703,14794,-1
180,19020,-1
645,20122,-1
825,10063,-1
600,18538,-1
1010,9805,-1
880,17864,-1
1306,13985,-1
1329,15972,-1
847,13741,-1
367,25833,-1
996,10708,-1
1104,14226,-1
991,12398,-1
1162,13500,-1
1054,10997,-1
716,7998,-1
1056,25110,-1
619,18297,-1
885,11774,-1
998,27055,-1
769,22138,-1
663,12008,-1
1754,21131,-1
271,15729,-1
1030,15977,-1
1318,14070,-1
1258,11672,-1
896,14753,-1
1491,13033,-1
188,18279,-1
1335,24622,-1
958,19676,-1
990,18998,-1
2134,19676,-1
1936,13378,-1
224,18282,-1
1806,20728,-1
1049,10392,-1
928,4143,-1
820,16585,-1
1489,20740,-1
1173,23811,-1
946,12533,-1
1006,15851,-1
675,18828,-1
922,12224,-1
857,23200,-1
704,16510,-1
1723,23279,-1
1373,19458,-1
678,19980,-1
686,15892,-1
1097,16148,-1
1109,21663,-1
2014,15729,-1
137,10995,-1
1231,18581,-1
1026,21562,-1
102,26266,-1
906,24033,-1
1559,20707,-1
1280,21108,-1
1243,23037,-1
1031,12195,-1
645,17878,-1
2216,20912,-1
1407,16427,-1
936,19389,-1
1240,20135,-1
636,20764,-1
417,17788,-1
767,21719,-1
1521,16831,-1
1795,7112,-1
598,21297,-1
768,21498,-1
1894,12399,-1
599,18575,-1
1419,20119,-1
470,16014,-1
99,16725,-1
786,19189,-1
1123,20786,-1
1894,21526,-1
874,29871,-1
1588,13081,-1
1323,23073,-1
745,17804,-1
943,19978,-1
1207,24748,-1
597,14797,-1
1098,16837,-1
843,12710,-1
1836,18945,-1
1493,14296,-1
1095,19638,-1
536,11020,-1
1926,17763,-1
1131,21829,-1
1558,7365,-1
1628,23517,-1
1793,21035,-1
1283,13121,-1
888,16993,-1
479,19730,-1
1632,15764,-1
1172,15851,-1
1260,8549,-1
295,11681,-1
1070,12757,-1
350,17657,-1
1320,24033,-1
328,19566,-1
947,12881,-1
540,18852,-1
653,23515,-1
319,24881,-1
2089,18078,-1
1217,18141,-1
798,27724,-1
672,15299,-1
1132,15676,-1
656,26579,-1
1908,17643,-1
741,13066,-1
942,23835,-1
45,26347,-1
568,13286,-1
1394,23262,-1
695,14030,-1
1149,16578,-1
1936,17970,-1
714,24324,-1
420,24704,-1
1742,10778,-1
1185,13276,-1
1816,15490,-1
938,19962,-1
954,18121,-1
1080,18741,-1
691,16872,-1
1102,17392,-1
422,14367,-1
1167,16357,-1
789,18654,-1
503,21371,-1
1001,19315,-1
488,17714,-1
1926,17012,-1
1068,14486,-1
406,24087,-1
1313,20209,-1
2262,20030,-1
1317,12166,-1
1201,18974,-1
1079,17967,-1
774,10334,-1
870,20285,-1
1075,21569,-1
1539,15758,-1
948,18107,-1
925,15120,-1
1036,10608,-1
809,9776,-1
851,19413,-1
1363,18205,-1
1343,7032,-1
1426,20780,-1
878,18415,-1
1923,12940,-1
1364,18140,-1
517,20179,-1
2183,20781,-1
495,22938,-1
1169,14971,-1
760,14218,-1
1135,19063,-1
63,12308,-1
821,17347,-1
832,16164,-1
141,11314,-1
316,18814,-1
754,22426,-1
2370,24252,-1
1157,21222,-1
1047,13714,-1
903,13028,-1
752,16211,-1
1405,17933,-1
1211,14186,-1
886,12796,-1
168,16772,-1
1091,19991,-1
1824,19448,-1
991,21165,-1
1219,19206,-1
303,15221,-1
1030,16663,-1
562,18470,-1
1504,18777,-1
985,30296,-1
1493,11054,-1
993,20539,-1
2,20837,-1
322,19232,-1
1206,12951,-1
1524,15846,-1
1263,12407,-1
1193,21598,-1
1182,18103,-1
936,14217,-1
499,16968,-1
1033,15453,-1
733,18818,-1
1095,14065,-1
612,16271,-1
1177,23635,-1
1104,28553,-1
1112,22709,-1
1851,21576,-1
1489,17934,-1
213,13156,-1
1799,14250,-1
1294,10464,-1
1407,16687,-1
709,11355,-1
690,15600,-1
1081,20440,-1
1542,17266,-1
482,30588,-1
1292,17910,-1
1059,12601,-1
482,17459,-1
1084,20881,-1
1817,20751,-1
1791,21938,-1
1322,11454,-1
470,10062,-1
619,20837,-1
1231,20574,-1
1345,18519,-1
827,18857,-1
15,13430,-1
996,24897,-1
327,14939,-1
102,20671,-1
736,13977,-1
1635,13519,-1
1502,18603,-1
307,11512,-1
741,17700,-1
1649,15402,-1
1183,13211,-1
280,25307,-1
778,23806,-1
1292,8231,-1
471,24945,-1
1052,12376,-1
541,21245,-1
938,21912,-1
932,19179,-1
346,17867,-1
1196,19907,-1
336,16123,-1
313,28399,-1
537,9422,-1
1047,18069,-1
1434,15762,-1
1032,18668,-1
1648,15392,-1
2322,21331,-1
1271,17451,-1
385,17845,-1
914,19053,-1
118,15473,-1
740,25024,-1
592,19745,-1
536,23587,-1
181,20976,-1
1468,19846,-1
368,26670,-1
861,15874,-1
1339,21032,-1
14,13847,-1
1365,23281,-1
1083,22418,-1
1017,21702,-1
939,18454,-1
1095,15618,-1
566,18646,-1
1983,25688,-1
944,17731,-1
1059,16060,-1
1771,18837,-1
1071,11383,-1
896,19826,-1
1364,18423,-1
940,20579,-1
1004,16456,-1
765,14290,-1
609,24524,-1
1713,17432,-1
717,18382,-1
296,20138,-1
569,19756,-1
1221,13269,-1
1573,24557,-1
31,16247,-1
864,10485,-1
1008,16814,-1
745,22343,-1
1518,12959,-1
1693,23744,-1
330,17763,-1
978,19732,-1
1239,10515,-1
1396,21375,-1
1129,17719,-1
781,14813,-1
488,33003,-1
330,19372,-1
1106,16961,-1
1583,23435,-1
1637,18767,-1
1544,11103,-1
1066,21129,-1
2111,19345,-1
489,15159,-1
820,20793,-1
1777,14568,-1
2067,10471,-1
385,21620,-1
985,18500,-1
1470,15753,-1
940,18940,-1
1182,22142,-1
1154,19225,-1
1511,19492,-1
435,16775,-1
751,16932,-1
1135,24005,-1
751,16475,-1
770,29059,-1
1061,11041,-1
1033,18958,-1
1197,25652,-1
1171,19474,-1
1265,14649,-1
690,19274,-1
472,13685,-1
2270,18021,-1
1010,19871,-1
587,15940,-1
1660,26839,-1
310,16382,-1
704,20752,-1
739,15820,-1
285,20478,-1
1081,23761,-1
531,11421,-1
641,19056,-1
2503,14948,-1
1590,22542,-1
1664,19848,-1
560,9358,-1
1735,14165,-1
638,14641,-1
1429,23205,-1
1954,17137,-1
461,15554,-1
20,20514,-1
1867,24720,-1
1354,17432,-1
1427,18269,-1
714,17413,-1
989,13610,-1
1563,13754,-1
2035,17134,-1
994,12531,-1
1515,26047,-1
1301,14157,-1
817,12106,-1
906,24662,-1
936,5386,-1
288,18357,-1
1514,23557,-1
1630,14233,-1
1204,21524,-1
1244,19232,-1
1890,18402,-1
912,20928,-1
816,19142,-1
919,14937,-1
59,20915,-1
676,17801,-1
822,20906,-1
1270,16809,-1
1437,14418,-1
1474,19760,-1
516,17538,-1
1310,24268,-1
960,18414,-1
1580,13275,-1
1799,20216,-1
1510,16778,-1
2135,20331,-1
738,20864,-1
1719,15752,-1
1669,13771,-1
1129,13580,-1
1335,17044,-1
946,15179,-1
497,12862,-1
628,18540,-1
1368,16450,-1
863,20426,-1
1228,18937,-1
712,17781,-1
637,23006,-1
572,15325,-1
580,17624,-1
1775,20360,-1
1169,18113,-1
876,18687,-1
1779,15690,-1
1103,25386,-1
114,12541,-1
1676,25688,-1
461,12939,-1
1136,24963,-1
1758,17427,-1
1006,12113,-1
1014,13821,-1
528,17637,-1
957,14465,-1
439,17439,-1
983,20312,-1
1947,12147,-1
237,25220,-1
1472,18913,-1
1307,19382,-1
1142,9185,-1
456,17658,-1
1184,13082,-1
831,13703,-1
1457,14530,-1
1558,17470,-1
956,14737,-1
1382,17166,-1
718,13729,-1
638,21283,-1
1705,16887,-1
456,19081,-1
1465,16542,-1
539,16350,-1
1306,28929,-1
940,18582,-1
583,17731,-1
913,20446,-1
322,19229,-1
688,18756,-1
460,14782,-1
216,23222,-1
675,21116,-1
1829,20226,-1
1313,15495,-1
331,21272,-1
1328,24688,-1
773,18978,-1
743,19610,-1
1280,16311,-1
1672,9982,-1
468,16372,-1
415,18832,-1
1072,19814,-1
1026,25394,-1
1086,23577,-1
1494,24126,-1
552,22555,-1
392,9995,-1
1297,16864,-1
508,14926,-1
1222,9080,-1
800,23025,-1
1675,13704,-1
1433,18088,-1
1051,23520,-1
563,19670,-1
671,19836,-1
780,20758,-1
1079,20073,-1
162,13242,-1
1698,23296,-1
542,9136,-1
867,16397,-1
850,26764,-1
1840,26481,-1
1130,18467,-1
556,21651,-1
850,6389,-1
208,19079,-1
1021,19033,-1
852,14171,-1
1720,22432,-1
1051,23201,-1
829,17962,-1
1306,18996,-1
1720,18696,-1
1585,15079,-1
1683,14379,-1
909,7284,-1
754,20768,-1
1101,13142,-1
1366,11269,-1
1367,11293,-1
354,20531,-1
1507,14915,-1
1469,25039,-1
483,21369,-1
817,20481,-1
605,14897,-1
2025,9664,-1
532,15795,-1
838,25773,-1
250,17440,-1
1773,10178,-1
1708,10592,-1
1534,16454,-1
741,15500,-1
1037,15197,-1
957,16323,-1
854,25373,-1
548,12049,-1
656,19915,-1
890,15157,-1
979,17666,-1
1313,17438,-1
1275,19937,-1
344,14256,-1
412,9892,-1
1096,10451,-1
1053,10213,-1
821,24820,-1
442,15262,-1
1805,10405,-1
362,21686,-1
1299,20492,-1
749,17441,-1
1315,21650,-1
851,21252,-1
1154,14301,-1
1344,28198,-1
101,17315,-1
933,20981,-1
807,15965,-1
778,18191,-1
511,22457,-1
1361,22311,-1
18,13740,-1
808,14485,-1
1016,15100,-1
745,24690,-1
874,17656,-1
1237,20660,-1
2333,11770,-1
1384,13707,-1
642,13563,-1
1265,23853,-1
289,15716,-1
1038,18770,-1
652,23375,-1
940,11331,-1
954,21909,-1
796,10258,-1
1189,19546,-1
674,17672,-1
1494,15627,-1
1529,17358,-1
1050,19246,-1
1467,19140,-1
286,26875,-1
1695,9583,-1
753,12259,-1
1015,22208,-1
2004,18861,-1
870,18056,-1
903,17255,-1
1771,17447,-1
884,19750,-1
913,19468,-1
1520,18462,-1
1750,20078,-1
1184,12429,-1
1134,26119,-1
1379,21614,-1
563,11525,-1
1048,22936,-1
877,22047,-1
1759,11556,-1
673,22788,-1
1199,18884,-1
1352,23661,-1
1128,19323,-1
1459,21187,-1
1370,13358,-1
983,24554,-1
1929,14995,-1
851,22829,-1
819,22093,-1
884,14740,-1
1011,14101,-1
1263,16935,-1
1926,20442,-1
698,19583,-1
1444,19146,-1
1243,23635,-1
1902,21323,-1
640,14939,-1
1024,18546,-1
486,16100,-1
1357,22573,-1
949,25041,-1
1347,16105,-1
1048,15847,-1
514,27444,-1
485,21278,-1
636,19468,-1
748,17363,-1
758,23759,-1
1820,19393,-1
486,20290,-1
1436,7761,-1
440,17824,-1
408,21433,-1
1070,10722,-1
797,23438,-1
1119,20620,-1
642,16400,-1
1218,18918,-1
1007,17834,-1
1005,20249,-1
716,15150,-1
1310,15536,-1
1458,17366,-1
744,20774,-1
1005,24039,-1
685,21909,-1
815,12072,-1
284,15352,-1
1857,17845,-1
473,19904,-1
945,23324,-1
564,24082,-1
747,13904,-1
1041,19428,-1
1271,15069,-1
546,13021,-1
1243,18331,-1
640,19900,-1
1504,13965,-1
539,17824,-1
375,13709,-1
905,15700,-1
1082,19452,-1
894,16400,-1
1815,18919,-1
953,18058,-1
721,20223,-1
1038,18324,-1
1274,19636,-1
1329,20667,-1
1582,10538,-1
1172,23505,-1
738,14063,-1
1276,9612,-1
373,22308,-1
716,27285,-1
1687,22175,-1
1771,15976,-1
492,21715,-1
588,18448,-1
1129,22690,-1
2126,19539,-1
1546,12161,-1
794,15722,-1
647,18906,-1
1550,11928,-1
906,22659,-1
420,18073,-1
125,20886,-1
1311,21189,-1
535,18730,-1
1050,16746,-1
1279,17837,-1
1245,24291,-1
534,21391,-1
437,21639,-1
920,16088,-1
1120,16556,-1
1894,28322,-1
669,26342,-1
131,14492,-1
817,13932,-1
1369,18144,-1
1112,20550,-1
1106,14841,-1
789,21141,-1
1286,20030,-1
898,24165,-1
1345,17319,-1
410,25838,-1
814,17974,-1
1647,16615,-1
1001,17224,-1
1945,14941,-1
664,21437,-1
2124,12651,-1
1029,18018,-1
641,21680,-1
889,15038,-1
2334,19336,-1
722,18311,-1
926,12384,-1
904,20246,-1
602,16949,-1
885,24307,-1
793,24315,-1
2654,21930,-1
728,15959,-1
1227,16718,-1
678,20745,-1
514,21482,-1
1512,22794,-1
1033,21123,-1
301,19674,-1
1409,21509,-1
2352,24068,-1
1067,26348,-1
765,22579,-1
447,18310,-1
1716,22755,-1
532,21358,-1
407,25377,-1
1308,17354,-1
1128,15669,-1
816,17895,-1
446,10630,-1
1966,17736,-1
963,15938,-1
1553,18092,-1
92,19154,-1
463,25858,-1
1269,18552,-1
1147,19189,-1
1036,14108,-1
1287,13216,-1
1470,19647,-1
858,12588,-1
1062,18590,-1
11,19388,-1
883,17750,-1
843,14462,-1
1249,14025,-1
1929,17570,-1
1023,11739,-1
1630,16311,-1
649,24457,-1
1205,11339,-1
1032,22441,-1
706,19891,-1
1342,26319,-1
1241,19703,-1
1268,19862,-1
1180,24063,-1
528,17820,-1
341,12352,-1
1422,11135,-1
1319,18042,-1
1401,23083,-1
777,15339,-1
669,20241,-1
454,15092,-1
1401,16519,-1
1430,14828,-1
763,15850,-1
771,20655,-1
1903,12464,-1
1035,18614,-1
948,17094,-1
1225,25717,-1
1110,14965,-1
819,15958,-1
1424,22634,-1
641,23266,-1
905,17281,-1
635,13912,-1
703,17693,-1
306,13191,-1
936,25362,-1
1763,13100,-1
928,16969,-1
1109,10973,-1
1707,21127,-1
180,27351,-1
805,25091,-1
812,20017,-1
724,18641,-1
1598,24006,-1
592,20961,-1
1255,16703,-1
1052,17411,-1
992,14207,-1
644,9778,-1
495,15519,-1
731,20097,-1
1233,16279,-1
503,14425,-1
927,19446,-1
1725,18268,-1
1220,21765,-1
1292,23066,-1
1382,15681,-1
515,10215,-1
919,16111,-1
624,19192,-1
1401,21811,-1
358,18141,-1
601,22029,-1
1110,13014,-1
810,15102,-1
808,16926,-1
1263,14341,-1
113,16101,-1
1220,12434,-1
1507,20680,-1
870,15956,-1
712,23342,-1
538,26833,-1
1525,21427,-1
1521,18019,-1
611,19733,-1
985,17040,-1
1291,19533,-1
1040,21213,-1
810,20499,-1
1741,18544,-1
809,18792,-1
1049,23332,-1
118,18753,-1
650,15708,-1
1448,21028,-1
426,13276,-1
894,18002,-1
425,18109,-1
925,16428,-1
1635,8531,-1
1500,13191,-1
1106,21202,-1
1451,14185,-1
1941,14756,-1
763,15224,-1
1765,18149,-1
1323,15304,-1
1492,23636,-1
1007,17218,-1
1575,24469,-1
325,15644,-1
1367,23618,-1
51,16252,-1
2092,14515,-1
1606,13422,-1
649,10524,-1
584,15180,-1
1435,16613,-1
828,10674,-1
1233,13402,-1
385,13739,-1
1283,15638,-1
591,19937,-1
1402,13276,-1
644,23320,-1
575,22814,-1
1465,14764,-1
1178,29363,-1
759,24167,-1
1471,17876,-1
1026,20991,-1
444,13137,-1
397,18244,-1
441,19896,-1
1841,18001,-1
1028,14322,-1
1497,9030,-1
932,14950,-1
923,19137,-1
2005,27137,-1
787,22435,-1
1349,21789,-1
1034,15818,-1
1084,17523,-1
1303,29252,-1
482,19623,-1
680,19263,-1
1169,25802,-1
765,5083,-1
1115,19169,-1
1341,19319,-1
2039,12182,-1
1225,5524,-1
916,22586,-1
976,10542,-1
448,23541,-1
1815,24177,-1
334,27322,-1
2208,19781,-1
895,20869,-1
1506,26557,-1
1730,19447,-1
1333,29364,-1
962,9681,-1
1349,20870,-1
1120,16151,-1
948,24073,-1
1216,16404,-1
583,17354,-1
1126,23410,-1
553,14321,-1
673,14431,-1
279,19742,-1
711,17626,-1
919,14305,-1
2179,15303,-1
599,23119,-1
989,19449,-1
1004,17070,-1
718,18789,-1
429,19442,-1
966,11777,-1
777,14230,-1
945,17279,-1
1339,8078,-1
1041,12177,-1
1291,17137,-1
623,11020,-1
1655,23687,-1
1381,13633,-1
744,18884,-1
1558,17132,-1
1608,22358,-1
1222,19127,-1
732,13593,-1
831,17572,-1
725,16643,-1
1590,18666,-1
919,6101,-1
1498,13275,-1
666,19178,-1
2309,19110,-1
794,12520,-1
1471,12665,-1
359,21783,-1
840,18104,-1
1698,11765,-1
1203,15952,-1
826,21343,-1
777,4755,-1
601,18630,-1
1672,20075,-1
584,24440,-1
1926,12283,-1
1344,27168,-1
724,12213,-1
1382,11060,-1
953,14062,-1
1593,18024,-1
1085,20055,-1
602,11020,-1
1270,13998,-1
969,22425,-1
1402,12104,-1
1119,22811,-1
1725,22171,-1
1438,23062,-1
1804,29101,-1
784,11561,-1
1142,26114,-1
1591,21784,-1
1332,20672,-1
689,18794,-1
1470,18621,-1
1469,11337,-1
1420,22791,-1
397,26062,-1
1634,18037,-1
1623,14338,-1
2087,17894,-1
1256,22023,-1
950,13299,-1
1341,18726,-1
345,21342,-1
1473,23878,-1
2117,12143,-1
589,24016,-1
1322,23735,-1
1994,14305,-1
1307,18083,-1
1176,16671,-1
966,27960,-1
1021,13095,-1
1743,20344,-1
1119,15214,-1
522,23440,-1
1170,8747,-1
422,21745,-1
1008,11939,-1
1836,17807,-1
1935,17084,-1
1381,23904,-1
1627,11702,-1
1492,11616,-1
2119,18792,-1
1660,18861,-1
525,14155,-1
341,21279,-1
1809,18805,-1
1092,11703,-1
927,19243,-1
959,25282,-1
687,25780,-1
274,15422,-1
923,22989,-1
212,16179,-1
376,20740,-1
962,14606,-1
746,12897,-1
1384,15764,-1
213,24516,-1
238,17194,-1
1140,18992,-1
1185,25109,-1
406,20524,-1
356,21466,-1
568,14892,-1
802,15470,-1
330,16477,-1
954,15970,-1
1084,26714,-1
823,8919,-1
616,14664,-1
855,15349,-1
1143,17368,-1
1482,23171,-1
904,13997,-1
768,15418,-1
1417,16054,-1
783,20594,-1
592,18684,-1
1425,25398,-1
501,19468,-1
378,14022,-1
928,22473,-1
1171,19213,-1
989,17276,-1
1431,10767,-1
1296,23191,-1
1210,19022,-1
370,24834,-1
1277,19675,-1
1556,15957,-1
1069,20804,-1
286,19554,-1
1609,16374,-1
1790,22953,-1
1312,28483,-1
1392,18540,-1
1636,10597,-1
1875,17820,-1
1080,11240,-1
713,18441,-1
1321,8624,-1
622,13072,-1
631,19087,-1
1698,19021,-1
969,22213,-1
1079,14223,-1
675,15798,-1
1143,20942,-1
1726,13655,-1
521,16887,-1
1075,7031,-1
1594,14135,-1
1418,11964,-1
1256,21758,-1
597,17397,-1
1804,23202,-1
560,24511,-1
1667,15615,-1
804,13173,-1
718,19568,-1
6,18913,-1
1084,13680,-1
683,22595,-1
1522,21371,-1
591,9143,-1
484,12045,-1
870,18724,-1
1345,12235,-1
597,9519,-1
1084,17041,-1
769,27516,-1
727,16080,-1
1012,18509,-1
1257,22494,-1
1097,20564,-1
1256,17785,-1
846,19577,-1
1881,16580,-1
1048,20659,-1
872,14248,-1
1128,10159,-1
257,22167,-1
1758,14272,-1
187,15977,-1
71,17466,-1
306,13594,-1
1106,9611,-1
830,19477,-1
518,18636,-1
542,14295,-1
811,17252,-1
1400,11010,-1
881,20436,-1
980,13522,-1
738,16093,-1
728,13439,-1
1093,22593,-1
852,15957,-1
729,17361,-1
706,18078,-1
770,15285,-1
905,19109,-1
1266,14672,-1
885,18694,-1
490,21446,-1
1269,21337,-1
1487,21412,-1
818,22340,-1
569,17292,-1
1551,19028,-1
748,19869,-1
340,27387,-1
1378,20120,-1
677,16148,-1
420,16420,-1
1116,11497,-1
272,14081,-1
793,11495,-1
1634,15786,-1
793,21347,-1
146,15160,-1
320,14704,-1
477,10517,-1
479,19912,-1
737,24638,-1
1223,15175,-1
683,15728,-1
1119,20011,-1
1066,16736,-1
854,18751,-1
1472,14960,-1
1532,19462,-1
952,12163,-1
1282,25305,-1
1213,18090,-1
524,12062,-1
920,7492,-1
1152,23250,-1
1183,17288,-1
963,12800,-1
518,12674,-1
928,18148,-1
604,15477,-1
1262,24798,-1
868,18949,-1
1294,17445,-1
1396,23718,-1
641,29237,-1
855,16323,-1
1296,10987,-1
1114,17811,-1
584,14017,-1
781,23403,-1
594,14160,-1
1412,16677,-1
1190,15860,-1
1076,18097,-1
1462,19252,-1
637,18620,-1
1050,19725,-1
1051,13271,-1
1573,14930,-1
965,21437,-1
999,20013,-1
1242,20105,-1
177,20022,-1
1407,23051,-1
1850,16967,-1
874,21811,-1
152,18659,-1
1435,11347,-1
522,10316,-1
1135,24314,-1
1803,21411,-1
1666,21024,-1
1561,13622,-1
420,24680,-1
322,10056,-1
797,23559,-1
1220,17208,-1
811,21263,-1
1092,14660,-1
886,10379,-1
1883,15968,-1
1596,23308,-1
1054,19441,-1
1027,24347,-1
662,16311,-1
1335,20468,-1
1156,15147,-1
713,20550,-1
306,16595,-1
1177,18663,-1
860,15967,-1
1406,19702,-1
915,7526,-1
272,14215,-1
778,23737,-1
1417,20464,-1
1228,18130,-1
585,16640,-1
894,24670,-1
781,23820,-1
1846,12108,-1
561,27421,-1
512,24193,-1
1005,21394,-1
731,7300,-1
317,17802,-1
1393,15574,-1
1786,15292,-1
546,21615,-1
1557,18405,-1
704,16618,-1
709,15969,-1
1070,20053,-1
671,17565,-1
816,16908,-1
1475,20210,-1
1119,21848,-1
1593,11571,-1
1065,16659,-1
1083,26096,-1
689,26662,-1
794,13446,-1
1881,14992,-1
365,15375,-1
1464,13969,-1
1722,15180,-1
1639,14683,-1
617,22802,-1
1011,28317,-1
770,1498,-1
1670,15838,-1
336,21760,-1
626,16134,-1
1158,17997,-1
894,14035,-1
2036,14436,-1
1776,13735,-1
1590,15262,-1
638,17922,-1
901,16745,-1
1255,19886,-1
1184,23236,-1
247,16210,-1
1055,16174,-1
194,20890,-1
928,20933,-1
1319,15821,-1
310,16480,-1
197,15858,-1
320,14185,-1
1402,21567,-1
970,13962,-1
795,21591,-1
23,22197,-1
1456,13555,-1
1500,25157,-1
886,22366,-1
1217,23379,-1
1329,23184,-1
1837,15422,-1
232,13702,-1
1315,8431,-1
1403,16608,-1
1218,21160,-1
1039,12313,-1
926,14258,-1
1220,11574,-1
1102,14010,-1
1416,21856,-1
1100,25315,-1
172,25850,-1
1969,23674,-1
1436,27658,-1
814,20392,-1
185,11126,-1
951,18602,-1
715,13432,-1
1049,15815,-1
1778,17061,-1
1020,15834,-1
1220,15040,-1
1299,19879,-1
1090,15056,-1
712,15132,-1
1174,15824,-1
589,16310,-1
1256,12210,-1
360,18487,-1
1417,11105,-1
628,15423,-1
646,14211,-1
563,25068,-1
748,11613,-1
1006,10887,-1
1103,10672,-1
548,21673,-1
704,21140,-1
1384,14634,-1
1499,17560,-1
1337,32761,-1
757,18876,-1
731,11510,-1
1391,11686,-1
836,7405,-1
1086,18890,-1
1292,26572,-1
631,16502,-1
130,15175,-1
729,12475,-1
155,20685,-1
2415,17430,-1
1444,21441,-1
596,22324,-1
1236,23364,-1
372,17243,-1
767,18846,-1
650,13475,-1
1322,16984,-1
2168,24649,-1
993,14205,-1
1096,15536,-1
999,23689,-1
1245,21717,-1
1020,23795,-1
1447,16658,-1
1205,19059,-1
978,16680,-1
644,28766,-1
1153,12699,-1
1989,17763,-1
1808,18166,-1
734,28106,-1
1222,23153,-1
565,15411,-1
1335,14835,-1
947,21946,-1
1475,17382,-1
1875,14958,-1
311,22649,-1
711,12686,-1
1125,28937,-1
1373,10776,-1
377,16042,-1
1274,18475,-1
452,19923,-1
1703,25203,-1
475,14987,-1
614,25040,-1
1211,16898,-1
1154,15221,-1
928,20641,-1
1103,22411,-1
915,16624,-1
810,16248,-1
1051,6584,-1
1139,17140,-1
444,19632,-1
1888,21901,-1
128,13942,-1
1202,20551,-1
1883,23990,-1
1107,19234,-1
1458,20043,-1
924,11195,-1
246,20047,-1
1511,13391,-1
1138,22111,-1
732,26505,-1
917,20131,-1
916,17711,-1
705,19126,-1
1628,17547,-1
1180,19871,-1
1330,13765,-1
1787,17554,-1
1038,22889,-1
970,19245,-1
128,17077,-1
976,23192,-1
602,12928,-1
566,24828,-1
1830,21019,-1
1003,11604,-1
1051,16300,-1
1893,16853,-1
1258,20011,-1
1817,24601,-1
755,18997,-1
1592,19982,-1
1602,17858,-1
895,19336,-1
724,15836,-1
164,17546,-1
1327,15819,-1
1091,20422,-1
1479,18026,-1
1134,18992,-1
1384,21060,-1
1058,21571,-1
812,12853,-1
722,18487,-1
1491,18172,-1
1024,18668,-1
887,17409,-1
631,11076,-1
292,17321,-1
1277,19282,-1
1223,21373,-1
431,20301,-1
736,13757,-1
1281,20575,-1
863,16158,-1
1448,16421,-1
639,18148,-1
787,12882,-1
1151,14385,-1
523,26900,-1
1229,17305,-1
866,24263,-1
1053,24418,-1
841,15406,-1
734,27165,-1
1744,17541,-1
1737,19203,-1
700,28161,-1
1804,17666,-1
529,19622,-1
1276,27732,-1
559,16995,-1
1418,14907,-1
776,17031,-1
658,19396,-1
1050,11138,-1
561,21747,-1
909,20332,-1
1746,24537,-1
324,12327,-1
310,14673,-1
2216,24737,-1
1191,20895,-1
1201,13834,-1
1942,23467,-1
1382,15552,-1
1670,14747,-1
256,15628,-1
465,19121,-1
760,18871,-1
1213,21058,-1
1313,16221,-1
37,16942,-1
452,11460,-1
1334,21087,-1
1344,22012,-1
345,18251,-1
1507,23376,-1
164,21083,-1
1044,27380,-1
933,15775,-1
426,15325,-1
743,24505,-1
1839,13625,-1
1808,21849,-1
389,22908,-1
994,17402,-1
2018,15473,-1
730,9872,-1
592,21791,-1
1011,16429,-1
1232,24093,-1
373,22019,-1
379,14328,-1
366,15954,-1
1458,18497,-1
456,20549,-1
1339,19496,-1
949,14298,-1
199,19914,-1
1851,20409,-1
1868,16650,-1
861,19515,-1
995,11691,-1
692,18689,-1
227,24282,-1
501,26426,-1
1485,10301,-1
68,10996,-1
1595,22645,-1
1135,20964,-1
890,16701,-1
1368,12490,-1
723,17624,-1
763,24738,-1
963,22795,-1
966,16440,-1
1127,23496,-1
2008,18601,-1
1191,20291,-1
292,7105,-1
831,18260,-1
1286,24107,-1
375,19807,-1
1419,11557,-1
2123,23836,-1
1107,30619,-1
1205,19890,-1
1824,20074,-1
1282,14236,-1
1075,18574,-1
978,17638,-1
974,20770,-1
1250,16251,-1
1097,20857,-1
1497,10576,-1
562,20164,-1
1690,19053,-1
643,14763,-1
176,11510,-1
831,14421,-1
1473,18109,-1
934,11811,-1
1149,23813,-1
958,15019,-1
1218,18145,-1
492,8352,-1
823,10923,-1
466,15626,-1
876,17287,-1
1335,18065,-1
1936,9431,-1
964,16561,-1
1463,14381,-1
960,24326,-1
1443,13049,-1
1093,12179,-1
886,13996,-1
878,18218,-1
989,20262,-1
1002,14153,-1
1486,19164,-1
2578,25707,-1
687,18552,-1
1273,17106,-1
859,19288,-1
635,17024,-1
883,18213,-1
1582,19683,-1
1349,25806,-1
1108,15337,-1
913,14262,-1
514,15540,-1
190,24717,-1
926,20953,-1
645,16097,-1
1448,18989,-1
927,20499,-1
899,15294,-1
1890,14757,-1
1449,28274,-1
1448,24670,-1
1133,15703,-1
894,23034,-1
1077,12503,-1
1224,19520,-1
230,2541,-1
306,13935,-1
1229,17461,-1
615,18487,-1
1435,17459,-1
46,13950,-1
1501,15802,-1
895,23796,-1
766,22297,-1
1302,21949,-1
761,20070,-1
118,14650,-1
100,13941,-1
1219,14063,-1
733,14569,-1
449,15799,-1
720,17196,-1
874,24635,-1
137,22783,-1
734,17619,-1
1415,16738,-1
861,27187,-1
1274,23127,-1
1203,20973,-1
1096,17856,-1
1068,18642,-1
497,23119,-1
565,21315,-1
757,25310,-1
1878,17473,-1
904,16882,-1
1041,24848,-1
468,6366,-1
1441,20882,-1
765,18347,-1
1456,15070,-1
1222,12603,-1
1658,22010,-1
1137,16177,-1
1229,12158,-1
1124,16083,-1
933,26051,-1
1053,13486,-1
734,16400,-1
759,12711,-1
1157,11103,-1
116,12670,-1
521,18256,-1
1627,19630,-1
1109,18762,-1
1625,10624,-1
1863,23840,-1
1079,25945,-1
1223,18276,-1
805,22174,-1
700,18703,-1
1274,15594,-1
685,17583,-1
1391,8638,-1
774,14842,-1
1428,19818,-1
790,14086,-1
875,17378,-1
248,20445,-1
1504,14662,-1
403,19690,-1
1247,15383,-1
135,20414,-1
800,16148,-1
535,13909,-1
365,22123,-1
1041,22618,-1
833,23630,-1
1458,19668,-1
813,21074,-1
2387,28297,-1
242,23413,-1
736,14108,-1
1144,16002,-1
1095,18088,-1
949,8504,-1
1177,17633,-1
1616,19566,-1
817,13152,-1
282,19809,-1
1524,19343,-1
1149,19717,-1
1101,14307,-1
412,12589,-1
2182,22038,-1
1479,13375,-1
1152,23150,-1
386,18352,-1
2462,11879,-1
593,22787,-1
1507,23899,-1
256,18201,-1
1113,20901,-1
1114,17594,-1
1165,18389,-1
1007,19066,-1
628,17868,-1
1023,17695,-1
1353,26208,-1
251,13059,-1
1094,14791,-1
2033,18550,-1
1163,15419,-1
529,20359,-1
213,22811,-1
1401,17689,-1
1887,6467,-1
782,12196,-1
700,22591,-1
1428,12666,-1
2110,17775,-1
998,25788,-1
463,21249,-1
503,15154,-1
1236,21707,-1
973,16985,-1
315,22552,-1
1113,14580,-1
1045,29601,-1
1796,21126,-1
1289,13625,-1
1155,22194,-1
1251,21968,-1
993,16585,-1
604,21188,-1
869,13026,-1
989,22085,-1
653,23492,-1
843,22037,-1
313,18072,-1
1251,19275,-1
1092,17455,-1
1669,16831,-1
1134,16602,-1
697,25731,-1
12,19911,-1
1275,15794,-1
812,13829,-1
839,21407,-1
351,21235,-1
1201,19850,-1
1056,16811,-1
2023,18337,-1
535,24269,-1
1018,13553,-1
2247,17927,-1
494,20500,-1
974,21590,-1
950,17932,-1
1203,19968,-1
275,13448,-1
824,25109,-1
1567,15878,-1
437,16261,-1
1464,15657,-1
1220,15308,-1
1283,22360,-1
81,16146,-1
1010,13470,-1
1478,22565,-1
993,12216,-1
436,17504,-1
827,18776,-1
1234,15480,-1
760,17658,-1
1277,19073,-1
1036,30532,-1
838,20984,-1
1057,14195,-1
1168,13581,-1
1578,12779,-1
1056,16874,-1
825,15309,-1
1402,15964,-1
113,21068,-1
566,21042,-1
381,22043,-1
718,19591,-1
390,9050,-1
1120,19170,-1
490,24403,-1
1485,22965,-1
1050,12662,-1
346,15968,-1
1960,19678,-1
1193,16430,-1
1326,15880,-1
1315,15965,-1
1017,18704,-1
1287,17465,-1
656,15771,-1
406,22709,-1
1447,8797,-1
1359,25548,-1
1627,17722,-1
652,12139,-1
1050,16964,-1
1229,18810,-1
1547,14344,-1
1351,19693,-1
454,12665,-1
252,11758,-1
629,16008,-1
670,16513,-1
657,19017,-1
1291,18408,-1
1925,8098,-1
1183,16189,-1
1221,12195,-1
767,21980,-1
971,16585,-1
771,18897,-1
221,25668,-1
901,19205,-1
1236,16390,-1
933,18743,-1
1264,18520,-1
748,11249,-1
1024,15738,-1
887,13133,-1
1692,7761,-1
401,20912,-1
263,25364,-1
793,14546,-1
1657,15359,-1
1091,18936,-1
344,19972,-1
734,16124,-1
1124,23169,-1
815,22948,-1
454,9770,-1
983,24146,-1
1026,16431,-1
514,18185,-1
807,19270,-1
1032,19323,-1
1810,6985,-1
1144,23501,-1
1107,15662,-1
1361,19577,-1
1597,21581,-1
662,15092,-1
1057,20304,-1
1041,12079,-1
1413,19065,-1
827,18893,-1
480,14593,-1
595,17875,-1
1305,20574,-1
1039,21840,-1
547,17446,-1
1105,17377,-1
591,13041,-1
906,19276,-1
976,25920,-1
794,19074,-1
673,13796,-1
857,15523,-1
914,15547,-1
1177,19829,-1
1056,16001,-1
1030,16692,-1
1235,26919,-1
807,17360,-1
524,8272,-1
2010,25694,-1
847,20660,-1
565,24342,-1
1085,17411,-1
1404,22894,-1
1156,24841,-1
1276,16446,-1
735,10817,-1
774,15147,-1
1361,18864,-1
1221,6744,-1
1427,22909,-1
1579,21101,-1
1098,16276,-1
881,15275,-1
1568,19173,-1
944,16702,-1
290,13915,-1
527,22986,-1
770,13685,-1
970,20570,-1
1400,14769,-1
1521,18150,-1
1035,15945,-1
1199,13809,-1
1248,16411,-1
780,25229,-1
799,19547,-1
335,5119,-1
1222,17917,-1
621,17504,-1
708,12092,-1
765,26188,-1
267,19699,-1
862,12085,-1
1005,9643,-1
884,14889,-1
1396,15837,-1
398,22711,-1
647,16898,-1
928,21122,-1
992,13958,-1
1060,15661,-1
945,21096,-1
1352,25891,-1
842,23310,-1
969,17687,-1
1255,18190,-1
1295,25687,-1
1325,21488,-1
502,13573,-1
1329,13389,-1
793,10488,-1
2083,20104,-1
158,24506,-1
201,16863,-1
1189,17288,-1
1385,23084,-1
985,17264,-1
726,9020,-1
900,22987,-1
1150,11667,-1
996,20071,-1
1295,21717,-1
1043,9596,-1
1046,23335,-1
382,19952,-1
532,17705,-1
1722,19311,-1
903,15076,-1
1232,15728,-1
915,27283,-1
750,17292,-1
625,14820,-1
1445,18633,-1
1420,10401,-1
288,24440,-1
502,16947,-1
503,13376,-1
1176,18178,-1
1327,20790,-1
127,9802,-1
1007,10365,-1
1637,16751,-1
14,19323,-1
1153,13036,-1
633,23694,-1
1152,15852,-1
823,12332,-1
788,11929,-1
1082,15175,-1
980,16381,-1
452,22483,-1
512,24950,-1
1355,11071,-1
1178,14385,-1
631,20754,-1
700,17319,-1
135,19464,-1
1009,21905,-1
934,20747,-1
808,18760,-1
153,14028,-1
1252,18922,-1
489,15912,-1
1289,7678,-1
908,22084,-1
7,21696,-1
593,14833,-1
839,21176,-1
403,15334,-1
1511,11793,-1
548,15309,-1
1175,15445,-1
423,18787,-1
824,19042,-1
917,17152,-1
1264,6467,-1
1215,20456,-1
412,17680,-1
871,16446,-1
884,17543,-1
360,26500,-1
476,19994,-1
1187,14257,-1
1257,19248,-1
847,16926,-1
1605,24000,-1
1456,14823,-1
1323,21149,-1
1775,20386,-1
463,16417,-1
1289,24918,-1
1200,19538,-1
933,15558,-1
1671,11386,-1
779,16007,-1
2169,18195,-1
1514,13246,-1
1872,18077,-1
288,15441,-1
1351,11855,-1
485,23261,-1
844,20754,-1
901,17803,-1
556,23910,-1
1227,18459,-1
1025,29019,-1
663,20455,-1
785,32946,-1
1526,20894,-1
1682,20060,-1
1070,14736,-1
1011,6786,-1
1233,16077,-1
1062,17383,-1
792,18343,-1
714,26050,-1
987,13002,-1
1534,10488,-1
295,17324,-1
1376,17101,-1
1620,21782,-1
1538,15991,-1
533,14707,-1
700,15905,-1
1303,18211,-1
1041,12489,-1
471,24074,-1
825,20690,-1
1538,21357,-1
543,17665,-1
1753,15597,-1
1260,11697,-1
2027,20470,-1
954,18242,-1
672,16508,-1
1357,25733,-1
1053,25223,-1
1111,19328,-1
598,19795,-1
939,24392,-1
808,11804,-1
611,38712,1
1004,53397,1
501,45368,1
1062,50894,1
1164,46174,1
443,37640,1
145,41196,1
626,35196,1
1071,58135,1
1016,43219,1
2033,44998,1
1518,53972,1
268,55295,1
626,34008,1
763,44162,1
1171,27338,1
29,41809,1
1496,37534,1
1789,27427,1
448,26351,1
1399,26505,1
556,40838,1
339,38097,1
1216,33599,1
859,43102,1
893,43512,1
254,41472,1
1379,38882,1
943,29623,1
445,51584,1
991,42768,1
1132,19894,1
294,59129,1
701,42024,1
1537,34735,1
853,39553,1
943,41765,1
699,41476,1
870,17685,1
800,43547,1
746,54678,1
910,44055,1
1001,47641,1
1045,41149,1
26,44092,1
1007,25733,1
624,51677,1
312,43380,1
603,37849,1
1168,40616,1
1610,60124,1
380,39064,1
1791,44607,1
912,40503,1
975,26921,1
1353,34089,1
1286,31068,1
627,55155,1
623,48875,1
81,35888,1
1175,35340,1
805,36865,1
618,16944,1
1374,35806,1
381,55896,1
177,53545,1
1655,33180,1
593,37671,1
1511,35899,1
312,46116,1
638,52348,1
235,28099,1
605,38885,1
318,42209,1
1241,51511,1
791,45900,1
831,45959,1
528,56821,1
728,50404,1
476,35622,1
580,55724,1
1108,34562,1
332,47780,1
136,20936,1
1510,24428,1
2129,42097,1
906,35877,1
1266,20817,1
533,24858,1
763,45527,1
531,35314,1
1302,43154,1
1548,37524,1
304,44745,1
484,44336,1
499,38899,1
961,25479,1
840,45317,1
619,42869,1
836,40179,1
508,31966,1
915,33888,1
745,35068,1
116,50109,1
830,39718,1
607,43610,1
1673,49310,1
1577,33319,1
673,27894,1
1210,58175,1
1375,35811,1
1384,35500,1
1898,61011,1
1367,36427,1
773,51788,1
673,50256,1
500,17104,1
969,31477,1
837,61951,1
1001,53681,1
997,22062,1
1429,51633,1
435,35455,1
841,43372,1
1208,32430,1
719,39158,1
1394,27179,1
765,49101,1
694,47706,1
10,37673,1
1180,43914,1
940,38396,1
1001,36709,1
842,38162,1
1598,39163,1
1096,41016,1
585,47450,1
82,40937,1
576,40180,1
965,37705,1
1177,30579,1
517,39544,1
1219,34310,1
957,57698,1
894,36514,1
744,24507,1
1068,27860,1
584,42590,1
599,53005,1
326,45810,1
391,24972,1
1005,41308,1
548,41648,1
1446,15666,1
625,41048,1
1970,29416,1
1476,50702,1
486,54794,1
891,43536,1
586,31467,1
265,36843,1
10,33777,1
736,39538,1
1349,48014,1
1114,40360,1
602,26769,1
568,36374,1
736,48660,1
629,43205,1
1033,23350,1
1075,47567,1
471,45573,1
1266,27234,1
849,22750,1
2059,55022,1
1096,42685,1
192,35120,1
402,42978,1
795,38710,1
1407,43678,1
1385,40131,1
978,45005,1
1060,27870,1
763,41618,1
620,45463,1
367,30611,1
1559,45256,1
986,49948,1
863,50668,1
304,28525,1
1026,35685,1
638,36174,1
79,37605,1
685,27951,1
556,25371,1
501,33406,1
1587,48926,1
426,50875,1
474,35981,1
42,47522,1
166,28440,1
1459,49754,1
994,26682,1
1256,42126,1
881,35579,1
503,36521,1
728,32389,1
748,40727,1
802,47444,1
763,50294,1
1004,36896,1
993,28502,1
407,40524,1
1144,42695,1
1354,29591,1
242,47843,1
688,29020,1
646,44402,1
991,56141,1
976,29998,1
1117,33716,1
184,36732,1
1690,46228,1
67,43190,1
943,39416,1
1030,34251,1
612,31368,1
832,41248,1
1352,24136,1
355,29893,1
878,47723,1
562,31193,1
595,36191,1
685,33185,1
674,46482,1
272,32850,1
436,46072,1
778,43911,1
465,27325,1
126,44260,1
1915,21361,1
1176,41448,1
160,30568,1
827,61365,1
1637,37677,1
799,17463,1
1224,32752,1
1190,30746,1
1627,43593,1
587,40353,1
1594,30570,1
1054,50795,1
1597,50828,1
1304,26219,1
440,24453,1
107,54144,1
252,39723,1
328,38500,1
742,24393,1
547,37514,1
944,34546,1
1530,30004,1
84,42334,1
1207,37126,1
1329,51721,1
1147,44872,1
301,51424,1
529,50195,1
837,37400,1
307,32429,1
967,35269,1
1144,45548,1
469,25680,1
667,49215,1
557,45041,1
1387,40994,1
784,52617,1
844,32090,1
1101,27781,1
978,43410,1
735,53313,1
1166,48856,1
538,27285,1
429,48110,1
756,36514,1
961,42619,1
602,37697,1
950,64396,1
394,28363,1
1258,36645,1
829,25162,1
1313,29938,1
390,39030,1
414,42454,1
461,38818,1
1664,54088,1
964,36330,1
392,20675,1
1198,18449,1
657,32225,1
572,33046,1
609,26463,1
1470,43437,1
433,52238,1
828,36440,1
1016,37953,1
935,42326,1
879,35228,1
133,34579,1
615,25865,1
1490,30297,1
915,52871,1
1254,37456,1
671,44121,1
1141,36495,1
747,42319,1
970,33294,1
481,35748,1
1349,35870,1
903,33640,1
63,44441,1
1047,43900,1
1039,51173,1
254,50237,1
859,29150,1
4,46970,1
796,27278,1
513,44179,1
415,37825,1
994,52690,1
963,25063,1
600,32471,1
994,65254,1
927,44308,1
1165,29874,1
695,14151,1
655,30593,1
380,32578,1
249,51051,1
613,34665,1
419,47156,1
587,33732,1
1300,44215,1
355,30441,1
1244,37926,1
418,48036,1
1315,33707,1
879,29697,1
1061,50260,1
21,62863,1
1064,36475,1
1092,43579,1
725,27801,1
1549,26240,1
76,42075,1
1807,39083,1
1927,59224,1
108,41840,1
524,37591,1
717,34418,1
846,36116,1
370,31231,1
217,45083,1
794,41932,1
947,38506,1
1224,37088,1
790,44073,1
287,50619,1
705,47752,1
1682,30442,1
728,20456,1
447,27627,1
132,36948,1
231,36139,1
1387,56325,1
544,34391,1
183,21287,1
1609,41572,1
655,38193,1
916,42202,1
1090,46890,1
797,35177,1
1067,44918,1
137,13586,1
96,31437,1
216,55278,1
564,42641,1
1434,42799,1
127,40728,1
1112,29230,1
1215,43793,1
772,31170,1
1656,29816,1
1330,50459,1
1153,50207,1
1057,37995,1
259,51355,1
1463,65458,1
1398,39645,1
1271,40578,1
48,31150,1
1238,31880,1
1088,32618,1
1035,53066,1
712,52992,1
534,30949,1
1343,30961,1
474,43522,1
1198,30377,1
360,52248,1
1428,27426,1
576,37680,1
699,41723,1
1124,27521,1
727,27282,1
809,48650,1
1559,42112,1
509,46368,1
652,35266,1
673,34892,1
718,49347,1
843,41692,1
1429,31995,1
567,67018,1
408,47826,1
918,53710,1
1150,54983,1
273,32687,1
1434,47312,1
638,53813,1
918,32468,1
217,26975,1
1303,43680,1
619,54957,1
1413,53296,1
752,51327,1
226,54124,1
948,45284,1
1120,45153,1
414,44803,1
1534,35566,1
1006,42689,1
1045,41726,1
458,49909,1
1373,49102,1
1163,44425,1
1551,44597,1
1563,31126,1
1241,30939,1
1830,24053,1
1793,45117,1
338,33656,1
1345,34841,1
103,13719,1
1379,57844,1
887,51519,1
976,31898,1
1288,38507,1
844,52238,1
615,33812,1
783,39224,1
1244,37634,1
959,55090,1
1524,18879,1
1271,43879,1
369,60954,1
909,46174,1
714,48631,1
1324,18821,1
2413,38541,1
984,25295,1
970,38784,1
614,30834,1
544,43307,1
691,59562,1
765,33127,1
384,41311,1
273,58731,1
1132,29715,1
445,41958,1
430,47462,1
1172,34514,1
814,30975,1
1226,42203,1
795,52507,1
748,39899,1
678,30196,1
329,48134,1
789,36184,1
422,32290,1
46,32526,1
1509,31739,1
861,36605,1
1389,38373,1
326,25498,1
792,39911,1
643,34894,1
578,41054,1
51,38764,1
1386,54404,1
1125,45623,1
1303,28979,1
638,48426,1
590,42769,1
1114,47714,1
939,40914,1
508,58028,1
911,43796,1
703,57679,1
87,51258,1
574,40728,1
1673,46335,1
1014,49654,1
1114,44196,1
1511,47684,1
287,45953,1
499,51690,1
542,57322,1
690,56959,1
902,59695,1
698,41755,1
526,44242,1
1617,41825,1
508,52772,1
738,48995,1
1123,45367,1
317,30294,1
562,38895,1
1159,45802,1
567,22305,1
815,42520,1
549,15706,1
1515,36403,1
252,38495,1
1295,28001,1
772,36997,1
590,28238,1
1214,45663,1
136,49373,1
605,21792,1
838,40903,1
1173,48397,1
38,48740,1
800,45702,1
88,47925,1
1093,28811,1
1147,45377,1
1477,42271,1
650,39655,1
994,34836,1
1400,52343,1
1174,35533,1
909,45033,1
1609,40078,1
906,47102,1
1670,41410,1
343,58412,1
853,46663,1
147,49925,1
1555,43902,1
18,30349,1
1637,43365,1
914,40659,1
748,47775,1
1622,36578,1
1666,25055,1
1043,45310,1
1570,43025,1
1243,41185,1
894,45251,1
112,42386,1
662,43157,1
1148,40516,1
1444,45089,1
857,31688,1
542,22394,1
336,46280,1
840,24801,1
857,67124,1
1407,27668,1
1024,27105,1
1095,26465,1
319,49306,1
853,29484,1
743,34353,1
570,38982,1
1329,34710,1
675,47654,1
1389,31022,1
641,31307,1
793,45873,1
1059,49380,1
897,35756,1
395,29643,1
989,28486,1
1304,40010,1
264,45987,1
571,40581,1
892,43926,1
1464,32024,1
844,50892,1
600,48086,1
312,37744,1
818,59432,1
1184,36887,1
222,43668,1
787,43014,1
377,50671,1
388,55164,1
73,50787,1
1445,40365,1
1030,50636,1
978,33691,1
1278,56606,1
899,41268,1
690,24085,1
528,39951,1
566,37299,1
835,51471,1
871,31771,1
790,39199,1
1057,42732,1
380,42862,1
1245,36898,1
706,54589,1
758,40751,1
1214,48797,1
759,32067,1
410,37328,1
1416,31303,1
955,47520,1
805,38222,1
763,35278,1
322,19420,1
454,32179,1
942,34686,1
1118,61940,1
960,29850,1
995,47287,1
745,44965,1
1065,45738,1
305,47218,1
983,20829,1
88,43927,1
943,27737,1
921,37936,1
276,35761,1
751,29875,1
75,52766,1
912,43487,1
408,39388,1
266,41204,1
235,40394,1
1070,32441,1
61,41548,1
1336,53355,1
980,40374,1
1192,49005,1
746,42762,1
923,44671,1
321,33136,1
843,51737,1
1333,19396,1
637,45649,1
542,52447,1
112,34320,1
771,42418,1
399,54330,1
594,28723,1
588,56521,1
1423,48914,1
877,22998,1
680,43693,1
916,34934,1
625,48345,1
517,60791,1
637,49657,1
482,34479,1
767,55991,1
809,41222,1
1306,35653,1
1011,36365,1
584,35517,1
650,46497,1
101,31389,1
1147,40871,1
1090,48281,1
682,17993,1
647,28837,1
1023,19354,1
1004,24978,1
1275,40026,1
941,54839,1
1070,55422,1
926,62765,1
1706,32901,1
266,24833,1
982,41123,1
409,35623,1
1078,30133,1
660,50537,1
214,42759,1
1834,43540,1
1127,32771,1
550,50084,1
1478,36710,1
38,38702,1
915,31423,1
595,46012,1
1166,50342,1
663,36277,1
759,36626,1
1126,32843,1
1032,41674,1
718,43827,1
195,44223,1
1635,36996,1
552,37573,1
919,53331,1
338,30091,1
1430,33453,1
1570,42781,1
376,35564,1
919,43288,1
848,33199,1
1472,32478,1
1208,34858,1
687,51121,1
1648,55548,1
529,43915,1
1215,39002,1
325,39752,1
809,34543,1
38,37187,1
110,52106,1
1357,54490,1
74,44309,1
1434,38039,1
232,40369,1
630,49059,1
634,56726,1
1356,42263,1
597,54092,1
219,52075,1
874,50078,1
959,31357,1
183,32359,1
1230,51717,1
221,37783,1
1098,23224,1
940,47113,1
1333,36975,1
271,34259,1
656,54844,1
1031,38199,1
1430,37256,1
132,51695,1
456,40907,1
497,35956,1
868,22176,1
544,33862,1
378,46729,1
827,46946,1
295,63285,1
936,21731,1
906,52998,1
1345,30176,1
592,39065,1
220,33213,1
715,49473,1
1299,55165,1
97,62335,1
690,32761,1
981,54020,1
44,48544,1
1112,47255,1
151,31217,1
1376,43234,1
29,35415,1
917,37213,1
951,20616,1
1018,30228,1
1024,42336,1
1234,43765,1
25,29317,1
1155,61794,1
1188,43874,1
337,35041,1
1189,36224,1
965,34783,1
860,56687,1
310,56100,1
1351,46663,1
103,45799,1
316,38939,1
636,52011,1
1506,47061,1
388,40064,1
551,48008,1
1104,40006,1
100,24688,1
890,34679,1
1591,36242,1
554,39654,1
1494,48134,1
1166,47006,1
1041,41486,1
817,47272,1
771,44510,1
1169,47561,1
1695,26624,1
1355,33375,1
982,23637,1
19,24699,1
357,39445,1
648,18844,1
1046,47219,1
1598,36525,1
577,39210,1
846,31633,1
1224,64440,1
31,35961,1
685,36015,1
622,51596,1
229,68145,1
1097,46807,1
707,42408,1
820,35951,1
982,42907,1
772,49440,1
507,46106,1
1143,42672,1
558,12741,1
919,44928,1
556,33705,1
1207,25646,1
199,50464,1
170,62708,1
1163,27207,1
1593,73554,1
1237,36211,1
853,36272,1
239,30413,1
938,18594,1
1477,42984,1
868,43092,1
568,28876,1
912,62142,1
124,44465,1
934,43694,1
189,49697,1
300,28918,1
808,36076,1
355,65799,1
959,38310,1
1436,18811,1
1322,47814,1
1130,32795,1
1378,40229,1
1202,30099,1
341,29326,1
198,36271,1
789,35798,1
125,50060,1
786,44778,1
586,43288,1
665,47879,1
399,45361,1
707,46165,1
442,39308,1
357,44473,1
783,37428,1
724,43400,1
808,56205,1
764,60939,1
420,44990,1
611,22635,1
919,48161,1
539,26165,1
359,56332,1
26,35464,1
902,57100,1
337,41908,1
830,40750,1
1581,36514,1
903,52528,1
893,43816,1
932,49215,1
388,38745,1
1074,47518,1
37,26222,1
601,24400,1
1607,48701,1
389,22582,1
579,25523,1
1997,50274,1
817,41995,1
600,50578,1
967,23279,1
264,45778,1
1562,43067,1
272,29774,1
376,25821,1
870,33589,1
862,49672,1
916,24243,1
1335,30115,1
339,42679,1
562,40555,1
814,46420,1
163,40600,1
911,38630,1
983,50700,1
538,45615,1
986,34781,1
551,45348,1
772,39023,1
403,42993,1
751,54993,1
636,26085,1
151,36924,1
995,33002,1
5,28714,1
344,51626,1
353,17626,1
1144,37751,1
1743,22308,1
1029,34258,1
642,30466,1
677,33014,1
963,30101,1
1102,34247,1
345,38464,1
930,34535,1
1352,43630,1
1366,51551,1
294,49988,1
673,32930,1
1027,61064,1
294,57500,1
681,42316,1
1215,55231,1
675,33700,1
1217,52378,1
350,45355,1
1026,56182,1
475,41289,1
1609,52753,1
351,35087,1
613,24368,1
562,63795,1
664,43951,1
1175,35830,1
174,53965,1
862,59241,1
889,19943,1
57,35458,1
1222,32363,1
1248,41101,1
835,39977,1
857,42663,1
491,51484,1
798,54042,1
1095,38343,1
1486,34705,1
673,29736,1
555,40046,1
895,43554,1
194,28743,1
1024,45586,1
888,29642,1
406,42642,1
1115,39777,1
1279,42895,1
731,26655,1
1194,34909,1
944,47463,1
1106,38886,1
1082,43256,1
618,44420,1
751,47877,1
108,33764,1
526,50764,1
1371,34955,1
892,36471,1
629,52090,1
1022,37095,1
326,30156,1
1283,46336,1
1318,36611,1
1211,40183,1
1067,53996,1
1115,40084,1
602,53554,1
969,45192,1
982,37748,1
741,48683,1
918,44113,1
127,49736,1
1532,33595,1
1374,56878,1
938,46371,1
744,40280,1
723,43459,1
562,37637,1
295,45777,1
910,44879,1
1418,38034,1
1141,25117,1
475,30800,1
310,33672,1
1105,51516,1
674,39509,1
247,37138,1
1193,55017,1
1293,65128,1
2008,35145,1
1470,40175,1
970,41302,1
675,36922,1
821,34739,1
662,30390,1
1397,40371,1
917,42486,1
370,44507,1
374,53936,1
593,46475,1
1408,43034,1
492,25849,1
1341,40200,1
140,52099,1
321,43257,1
1252,50174,1
5,44572,1
970,60397,1
1187,37093,1
794,35158,1
67,48792,1
507,56075,1
839,47864,1
927,33782,1
1399,34194,1
1431,45673,1
1185,33299,1
1745,49090,1
773,42678,1
1178,50812,1
752,52663,1
603,70022,1
1639,30625,1
686,33190,1
1213,47848,1
417,69387,1
274,21912,1
1137,27589,1
645,44324,1
450,36121,1
1109,39677,1
744,33765,1
512,43737,1
111,40675,1
1249,31960,1
1732,56229,1
887,41641,1
360,44449,1
938,33342,1
257,39020,1
1928,35492,1
564,30381,1
106,42443,1
182,36858,1
1168,42388,1
192,55659,1
378,28046,1
360,44082,1
999,46698,1
1005,43502,1
638,53035,1
830,35594,1
1189,42286,1
126,33964,1
1307,56641,1
151,42801,1
780,51657,1
642,44858,1
875,25023,1
1865,48678,1
837,51239,1
715,31033,1
1626,61438,1
584,24581,1
102,33300,1
422,34798,1
1030,69547,1
352,30514,1
702,49709,1
857,32437,1
965,43745,1
254,44612,1
1052,52888,1
698,48470,1
1796,25879,1
847,28539,1
256,48833,1
290,46214,1
1157,31369,1
1633,33456,1
845,33895,1
419,55003,1
895,48512,1
1315,42695,1
446,46816,1
1219,42550,1
662,49885,1
429,51311,1
269,55893,1
664,38338,1
2064,37373,1
1163,45489,1
965,36677,1
939,39460,1
687,32359,1
72,61588,1
1457,49054,1
870,42397,1
523,38063,1
599,42584,1
1036,42915,1
1341,46264,1
413,42123,1
595,31419,1
1143,28901,1
1173,36440,1
708,40141,1
765,29096,1
1442,45037,1
1421,37438,1
492,42143,1
2096,49993,1
258,40139,1
1501,35399,1
516,50678,1
932,52704,1
1167,30648,1
1058,40708,1
257,38276,1
265,49216,1
72,31966,1
1322,51845,1
215,40399,1
1322,34623,1
435,35169,1
592,31439,1
1133,36457,1
383,15233,1
991,41690,1
1251,37012,1
796,44182,1
1152,42917,1
661,22610,1
921,40528,1
1107,51880,1
434,42205,1
241,56089,1
2041,50931,1
564,54148,1
462,46221,1
723,35938,1
911,33661,1
707,18676,1
1253,27296,1
642,37752,1
449,47494,1
920,40537,1
132,26878,1
1493,56364,1
638,40324,1
1651,43478,1
685,40556,1
219,37993,1
94,42931,1
1061,32839,1
699,36958,1
1115,35045,1
27,25051,1
1134,37658,1
1376,22318,1
1376,63073,1
740,30853,1
1385,35045,1
467,24719,1
713,44414,1
954,45281,1
611,42900,1
440,28215,1
1198,44048,1
726,35504,1
1306,29376,1
1240,52241,1
699,31755,1
661,35806,1
198,37086,1
1244,40036,1
773,23223,1
646,39696,1
875,46042,1
1337,51508,1
1204,39419,1
1014,50269,1
1121,29614,1
172,33505,1
33,31645,1
215,33905,1
818,48491,1
1071,40758,1
1258,38532,1
663,48652,1
690,37696,1
379,15738,1
446,42612,1
1501,27355,1
504,62115,1
961,30291,1
723,42752,1
177,48958,1
36,37016,1
1714,52779,1
521,31982,1
897,46329,1
298,26587,1
354,30726,1
712,42352,1
901,38613,1
802,37442,1
933,50537,1
277,37177,1
667,44932,1
1378,51633,1
319,27401,1
1453,43419,1
152,23367,1
824,34857,1
862,39272,1
1078,50335,1
2039,58606,1
656,40258,1
267,25865,1
1168,35969,1
714,37230,1
286,43264,1
23,59536,1
1034,25111,1
333,22939,1
1015,42050,1
580,37278,1
692,35563,1
895,37232,1
444,50768,1
2147,58271,1
316,39960,1
1087,54961,1
577,41699,1
791,47304,1
1546,32692,1
870,24263,1
1825,36763,1
743,39018,1
339,37017,1
755,53092,1
1050,34804,1
158,36206,1
734,33240,1
843,41917,1
684,37383,1
4,22722,1
1078,17705,1
1591,37501,1
543,48898,1
1270,36093,1
939,56226,1
809,23520,1
1256,31706,1
240,41509,1
686,28953,1
664,53102,1
1269,42013,1
1210,40806,1
1671,54442,1
751,27180,1
1350,48103,1
1391,48415,1
1230,48740,1
807,27623,1
494,43524,1
223,40850,1
310,31446,1
650,47122,1
559,53542,1
582,53101,1
949,45457,1
975,25317,1
480,25553,1
1057,30547,1
1253,35382,1
2024,51509,1
544,49901,1
724,36490,1
563,47142,1
607,32497,1
571,46841,1
769,35504,1
763,40978,1
643,50209,1
815,26231,1
675,42464,1
1149,37392,1
839,43909,1
581,44601,1
1711,39020,1
790,43646,1
1610,40499,1
1242,37981,1
1352,33077,1
805,57386,1
1119,46578,1
155,33162,1
729,33662,1
830,51847,1
972,33543,1
443,43992,1
869,40902,1
529,46222,1
576,26758,1
626,53655,1
967,32202,1
524,48092,1
1295,52338,1
1061,39174,1
1526,44845,1
1250,50884,1
672,40908,1
1370,40101,1
778,52546,1
1005,34010,1
878,27439,1
153,36813,1
97,37468,1
1356,25208,1
431,46183,1
1238,37387,1
933,44714,1
484,47518,1
1047,42377,1
1008,39611,1
986,52009,1
273,63566,1
292,41036,1
1419,33961,1
443,38947,1
526,8018,1
718,27956,1
994,26769,1
1764,36686,1
328,23865,1
605,39002,1
1698,48596,1
1160,43385,1
764,49201,1
390,42322,1
1134,41748,1
976,28804,1
1141,27914,1
138,44747,1
84,59022,1
1113,42292,1
671,35689,1
1624,36748,1
727,46329,1
1023,34632,1
1119,45020,1
663,25729,1
1181,35124,1
980,44869,1
421,37832,1
1392,30153,1
33,30510,1
961,27718,1
849,38742,1
387,24244,1
1037,36035,1
699,37466,1
957,38286,1
1018,52510,1
1002,49319,1
919,33866,1
598,28621,1
636,50040,1
874,33486,1
308,42221,1
768,39702,1
358,57013,1
371,25321,1
597,30765,1
1144,28019,1
642,45107,1
576,54203,1
809,51609,1
1057,55409,1
1257,38083,1
1562,32953,1
1185,53897,1
259,33328,1
944,56089,1
308,48124,1
1341,33778,1
604,36593,1
169,57263,1
1000,40272,1
1024,45202,1
947,41238,1
341,33808,1
559,55007,1
1145,41371,1
980,41753,1
1126,49359,1
990,27857,1
627,49207,1
1060,33568,1
759,41892,1
1402,41276,1
716,50128,1
817,52164,1
656,37268,1
1081,34073,1
972,35583,1
540,32932,1
1439,24062,1
932,33302,1
1187,56504,1
267,23118,1
466,52714,1
1339,35072,1
904,27396,1
725,47549,1
1367,35567,1
532,42365,1
702,43341,1
1156,50955,1
506,35333,1
1278,41691,1
363,44326,1
1142,45581,1
712,48836,1
684,36578,1
1093,18844,1
649,31039,1
680,29535,1
667,66538,1
932,40913,1
420,55968,1
1147,30637,1
1352,40178,1
804,41429,1
1024,33832,1
483,44281,1
626,46026,1
625,47406,1
1556,49670,1
1630,54323,1
342,41663,1
952,44864,1
1001,43059,1
1025,44195,1
698,35707,1
594,24069,1
947,9365,1
492,42317,1
342,32155,1
1018,53962,1
477,46953,1
775,41858,1
195,44544,1
1080,38399,1
180,37728,1
157,41415,1
1187,52689,1
185,44021,1
1066,33912,1
846,34676,1
449,38426,1
620,39050,1
968,26211,1
982,49645,1
1107,23531,1
1294,40768,1
1207,50011,1
675,26060,1
997,44749,1
635,32595,1
652,46155,1
69,45812,1
337,42880,1
1964,50554,1
700,49035,1
986,25342,1
1257,34045,1
732,43956,1
1316,35457,1
953,44894,1
1096,30375,1
336,29403,1
951,33327,1
1378,48153,1
515,57242,1
971,35835,1
618,50146,1
386,44651,1
1309,31777,1
593,40227,1
682,30737,1
807,42139,1
441,56060,1
583,37119,1
1589,45093,1
933,35858,1
46,42026,1
713,44605,1
188,49989,1
0,31935,1
1139,36978,1
1067,50648,1
765,44871,1
996,52861,1
504,24781,1
430,33925,1
286,59577,1
518,65502,1
548,33606,1
631,44526,1
373,35570,1
1626,32828,1
459,45044,1
1245,40291,1
1382,40394,1
1593,35084,1
1038,40416,1
1259,33571,1
1570,36306,1
2,23002,1
927,25363,1
1235,29992,1
539,36275,1
350,44455,1
1143,26731,1
1102,36555,1
367,33709,1
457,42507,1
983,62141,1
200,36926,1
993,45540,1
186,13325,1
1170,39386,1
1577,35118,1
1992,42133,1
1269,39010,1
1259,33683,1
1245,36158,1
741,43016,1
873,31472,1
752,49741,1
918,49354,1
1316,41314,1
154,49405,1
286,47960,1
1382,19024,1
909,55612,1
1393,37620,1
777,35115,1
852,46321,1
266,37622,1
535,29685,1
619,41282,1
704,44775,1
618,50178,1
578,22112,1
525,43738,1
207,14909,1
361,37582,1
877,35055,1
385,25381,1
319,34297,1
627,47489,1
293,38528,1
1380,48088,1
593,36996,1
1081,34138,1
796,28617,1
544,31513,1
1074,31767,1
988,32459,1
821,47747,1
1053,39613,1
753,62329,1
1845,35509,1
35,53407,1
1809,30021,1
1666,30070,1
408,35985,1
475,42059,1
1360,29868,1
983,40194,1
515,50339,1
530,38329,1
976,39453,1
687,26903,1
607,36488,1
77,28392,1
713,47455,1
854,46292,1
1649,42149,1
400,43244,1
450,20080,1
632,46841,1
1072,19959,1
249,46332,1
478,24273,1
336,39707,1
524,33767,1
965,32550,1
290,32863,1
302,28805,1
1079,66135,1
756,33297,1
1170,33333,1
571,40389,1
1386,44983,1
2095,44648,1
907,38881,1
1861,46654,1
114,49563,1
1048,34413,1
804,48014,1
647,55523,1
1238,33816,1
1326,34946,1
753,38672,1
487,34440,1
513,49990,1
614,34752,1
1270,44185,1
205,36555,1
1066,36016,1
290,47724,1
75,52166,1
1510,43650,1
500,38991,1
591,30835,1
1223,52903,1
1916,23317,1
199,21753,1
596,55591,1
1175,37463,1
295,39480,1
1066,42248,1
1275,58962,1
98,25309,1
1326,46587,1
698,43876,1
1140,36364,1
1266,35133,1
528,34017,1
575,33517,1
645,30277,1
78,31050,1
1005,56533,1
335,41943,1
316,34251,1
783,37497,1
1637,46630,1
955,26373,1
510,49345,1
1205,24789,1
1005,36276,1
1011,28173,1
111,40087,1
389,36933,1
193,37377,1
832,37373,1
736,23225,1
1819,36970,1
953,51257,1
1072,54792,1
613,38632,1
1582,45730,1
668,30803,1
1349,28340,1
672,36705,1
696,40325,1
221,42087,1
1496,44310,1
1064,34678,1
1035,67451,1
527,28931,1
1185,39927,1
1019,38422,1
376,32168,1
1350,43147,1
913,31842,1
102,44600,1
1089,47148,1
421,42721,1
360,23928,1
799,34294,1
1125,37864,1
816,48788,1
747,42900,1
645,37452,1
443,36547,1
959,59435,1
528,47963,1
1267,47991,1
1150,39232,1
1254,41767,1
1053,54010,1
1453,28989,1
1434,19865,1
1037,43368,1
322,43774,1
716,23266,1
1203,12288,1
455,45611,1
1821,46251,1
1748,18966,1
548,45966,1
244,47194,1
333,61509,1
1444,47205,1
834,36722,1
316,37323,1
1421,47424,1
1904,41174,1
415,38031,1
516,48304,1
627,41334,1
227,33015,1
915,46493,1
934,57377,1
1256,55971,1
1184,25197,1
1076,31846,1
577,43585,1
345,41944,1
979,27535,1
358,66405,1
445,51386,1
778,39360,1
1589,38015,1
487,30839,1
1747,37819,1
468,23336,1
453,62912,1
1249,39318,1
1099,47625,1
1115,38624,1
1107,52765,1
887,30564,1
985,45435,1
1297,47095,1
337,40627,1
610,42465,1
518,41755,1
349,46698,1
530,21737,1
1282,37665,1
391,45822,1
641,38792,1
694,36570,1
522,22209,1
817,32974,1
986,38665,1
1175,33284,1
439,40148,1
1190,30316,1
163,33935,1
245,29275,1
11,48182,1
563,43029,1
1517,39368,1
1306,41225,1
265,45828,1
776,27206,1
1092,32122,1
964,47606,1
1124,46052,1
722,56376,1
454,27865,1
1038,45058,1
1055,29967,1
729,17910,1
848,30473,1
1075,27835,1
1334,23262,1
933,42759,1
1113,51458,1
884,36889,1
313,34919,1
1682,41867,1
1111,27467,1
1097,40021,1
471,30337,1
621,39099,1
481,33501,1
464,37842,1
641,46465,1
584,36677,1
634,40572,1
975,45598,1
523,53116,1
490,22751,1
1200,56081,1
1923,56203,1
769,50071,1
653,37144,1
1353,40164,1
439,42132,1
1488,47624,1
1193,39504,1
1563,52423,1
263,17823,1
1319,35466,1
462,44546,1
64,47969,1
657,31725,1
564,53197,1
245,54133,1
603,33888,1
931,42225,1
1188,46732,1
1248,37204,1
1336,37595,1
1051,31559,1
1127,47378,1
639,46705,1
376,21298,1
1339,44258,1
630,50114,1
1096,30653,1
123,47468,1
393,44149,1
91,46469,1
616,38687,1
1378,43412,1
696,36978,1
1355,42631,1
1009,53802,1
420,58264,1
386,45776,1
206,38550,1
1342,35692,1
529,27066,1
289,30471,1
512,29914,1
1150,39975,1
1047,46008,1
345,48111,1
1463,50509,1
1715,60138,1
1208,37356,1
397,51560,1
1040,41395,1
926,38094,1
1087,42452,1
218,27167,1
1081,32345,1
849,35193,1
549,38094,1
794,48908,1
444,47858,1
1388,27146,1
758,55279,1
737,50265,1
1057,35807,1
339,44923,1
1806,40120,1
748,43216,1
28,45541,1
1401,31403,1
678,31158,1
874,33822,1
66,38927,1
512,54003,1
637,32886,1
1345,26215,1
491,37836,1
962,37073,1
1476,48654,1
327,51349,1
668,42079,1
953,29328,1
509,40133,1
934,33633,1
350,48412,1
480,43744,1
196,41347,1
1288,54666,1
1112,27695,1
53,30506,1
1282,56778,1
955,40369,1
305,40786,1
616,42437,1
555,28164,1
852,57951,1
831,27707,1
1926,46535,1
1778,34591,1
695,31779,1
1527,33924,1
1444,19153,1
658,39243,1
834,33688,1
1386,44536,1
1436,31507,1
600,36584,1
838,55082,1
1218,33443,1
676,38571,1
949,39672,1
492,36004,1
1133,51414,1
271,33490,1
196,26613,1
672,25947,1
1143,40823,1
1491,39596,1
695,42856,1
887,43410,1
513,43847,1
79,41335,1
1077,56862,1
1030,40711,1
1043,45983,1
418,54009,1
225,27246,1
934,52319,1
362,39659,1
574,31633,1
258,38310,1
787,46267,1
1229,59101,1
1542,29375,1
62,51206,1
1144,33395,1
748,46982,1
480,24806,1
1146,39902,1
1340,46442,1
325,52839,1
382,25011,1
478,39834,1
424,36783,1
898,37900,1
1025,43510,1
965,34391,1
281,40383,1
561,43255,1
558,38015,1
1160,23498,1
864,17159,1
1839,38104,1
1156,38296,1
1612,42281,1
697,38713,1
651,44649,1
890,43644,1
796,51303,1
511,25768,1
444,56881,1
776,68180,1
407,45376,1
944,48198,1
1151,38342,1
1249,51897,1
987,32386,1
747,43899,1
901,43243,1
1089,43883,1
706,45281,1
355,52927,1
454,39608,1
915,23683,1
1033,55487,1
821,39318,1
1599,48717,1
1126,35126,1
762,39173,1
1336,22246,1
326,57313,1
1530,52682,1
991,37597,1
196,41973,1
840,38738,1
371,31140,1
1272,42671,1
982,38153,1
741,32951,1
473,43017,1
231,32799,1
373,30826,1
947,28310,1
539,34834,1
1001,46469,1
1219,51225,1
412,30207,1
1194,49317,1
768,23991,1
1378,41435,1
102,23477,1
1403,39657,1
11,32866,1
1351,40947,1
1157,38867,1
358,42499,1
1006,44564,1
191,53691,1
403,41804,1
457,48196,1
845,58636,1
692,37592,1
876,37668,1
525,36121,1
1021,44718,1
481,49011,1
1391,53255,1
1374,43124,1
893,45380,1
624,54008,1
536,51972,1
756,49163,1
1028,21552,1
1057,54653,1
1883,47438,1
598,52896,1
524,38021,1
1142,45455,1
283,35446,1
1839,32129,1
864,45882,1
365,21358,1
136,39926,1
928,40618,1
1056,31269,1
880,33682,1
174,40282,1
630,60230,1
801,36314,1
1002,43048,1
607,36616,1
728,23516,1
332,49756,1
1043,26141,1
893,9300,1
326,32920,1
1738,38822,1
722,21163,1
1189,29890,1
1489,22257,1
615,38162,1
1049,40916,1
211,50506,1
1386,42875,1
414,31466,1
153,39503,1
1596,34190,1
239,33743,1
849,26971,1
767,25376,1
1040,35640,1
258,29967,1
199,58599,1
245,33751,1
549,43689,1
181,37380,1
1032,59556,1
1447,45552,1
486,38281,1
222,34786,1
369,63537,1
1722,48236,1
1602,27885,1
591,43869,1
389,20200,1
675,67279,1
1047,40822,1
1727,41707,1
265,32276,1
1838,32308,1
1032,46542,1
450,49643,1
1060,56607,1
85,53760,1
1553,44426,1
892,40492,1
913,29415,1
1155,34540,1
246,33648,1
856,40413,1
547,36969,1
89,55605,1
1035,34540,1
494,52242,1
1204,41485,1
1815,23648,1
520,30547,1
989,45344,1
947,26619,1
933,24114,1
762,13889,1
586,52204,1
1080,43368,1
327,48756,1
642,18351,1
687,34434,1
30,36973,1
864,30397,1
615,30905,1
1354,52049,1
966,33441,1
524,43929,1
637,49098,1
1265,49386,1
743,48208,1
834,34175,1
1100,34358,1
641,30328,1
988,49804,1
761,44852,1
367,60456,1
827,16125,1
851,44905,1
1576,45957,1
986,22830,1
487,25118,1
1381,47470,1
1861,39551,1
769,49590,1
686,49261,1
723,53714,1
872,43155,1
846,29812,1
377,41902,1
230,28930,1
717,44266,1
476,25774,1
1302,33695,1
1099,42591,1
1455,32189,1
1224,46812,1
628,34756,1
1025,46114,1
1100,34281,1
703,38419,1
973,27289,1
874,39665,1
230,44232,1
111,47339,1
959,47469,1
1530,36913,1
882,50115,1
1300,51339,1
786,48179,1
617,54490,1
1416,33099,1
851,35684,1
979,46320,1
1494,32743,1
1076,23633,1
751,25014,1
735,35010,1
1425,37189,1
780,40804,1
625,38325,1
818,43706,1
1355,18936,1
1098,42229,1
1270,43032,1
1616,39655,1
183,39020,1
132,51107,1
1268,16921,1
1259,26331,1
956,10837,1
1078,26518,1
811,26448,1
49,27070,1
997,35591,1
580,31879,1
563,51721,1
1374,22182,1
1568,38785,1
1439,36171,1
224,51200,1
834,40526,1
449,31625,1
1011,34056,1
647,32725,1
928,39934,1
706,32900,1
168,20151,1
1288,42226,1
577,43616,1
1393,54027,1
920,44316,1
741,20718,1
1700,53845,1
147,44482,1
861,47970,1
204,51108,1
672,40237,1
528,49394,1
578,20307,1
755,33461,1
779,34090,1
728,30028,1
1086,36746,1
1575,35735,1
1141,37918,1
239,25485,1
1024,31493,1
391,42212,1
850,44547,1
1073,51669,1
1488,36457,1
640,38661,1
1341,31960,1
494,49736,1
815,28526,1
245,27369,1
665,47062,1
1577,39835,1
1145,40999,1
310,54946,1
292,48512,1
114,32804,1
220,37880,1
1673,66466,1
960,23483,1
949,50529,1
885,46572,1
741,31104,1
2,38187,1
1186,50372,1
615,45793,1
587,34976,1
1258,30835,1
748,36454,1
1676,25317,1
736,18373,1
450,34206,1
1046,47598,1
205,47284,1
438,37212,1
1033,42495,1
710,46308,1
1039,40029,1
1255,23297,1
1579,50217,1
402,25011,1
891,14328,1
1254,34305,1
1663,36692,1
1362,50322,1
646,36687,1
533,39394,1
728,29189,1
1855,38406,1
895,26138,1
827,35426,1
883,27126,1
1214,45778,1
796,47600,1
1005,40615,1
1479,41986,1
910,53431,1
917,41432,1
1734,26331,1
1149,45195,1
278,33812,1
279,37189,1
1286,37636,1
1590,42268,1
1516,59194,1
1367,45920,1
1484,34156,1
910,47299,1
1282,41481,1
1080,43216,1
912,26857,1
589,58764,1
1639,38441,1
556,46585,1
529,35704,1
704,31516,1
560,28419,1
302,32049,1
1659,36642,1
221,64468,1
237,44615,1
825,46148,1
665,36999,1
766,35122,1
1598,46405,1
132,40159,1
798,38081,1
241,36581,1
320,45203,1
826,48217,1
624,57484,1
681,56759,1
1036,29423,1
1060,39757,1
730,42685,1
1337,41530,1
948,42094,1
754,42231,1
407,38285,1
392,35013,1
1337,33149,1
1281,53676,1
1348,39166,1
1273,40895,1
38,33579,1
1578,51414,1
626,29644,1
69,20223,1
1150,19536,1
831,39724,1
385,50317,1
87,31893,1
500,69343,1
636,21297,1
327,29816,1
850,31522,1
396,33709,1
857,25742,1
851,53434,1
659,54802,1
392,45823,1
1043,30516,1
413,33923,1
1167,34468,1
658,30392,1
2006,36636,1
1309,35965,1
412,37088,1
278,33188,1
200,27579,1
1071,36869,1
500,34438,1
281,29999,1
177,43150,1
743,40945,1
1190,34198,1
773,37878,1
1184,43229,1
840,45995,1
1725,46397,1
1129,45044,1
138,54407,1
1071,35979,1
834,54558,1
1709,38204,1
125,65211,1
662,31815,1
457,50161,1
587,27798,1
1391,51882,1
1408,33697,1
516,41923,1
1013,36406,1
900,41277,1
205,17534,1
811,42185,1
1100,48202,1
877,49291,1
1547,57267,1
771,42674,1
829,46061,1
744,10775,1
625,30763,1
787,45773,1
344,38055,1
734,49129,1
569,37075,1
1558,46030,1
717,37810,1
529,38815,1
83,42048,1
391,47083,1
635,49681,1
754,46957,1
1235,40155,1
365,10240,1
986,45430,1
1381,52665,1
435,39099,1
744,28894,1
340,36133,1
981,30385,1
1029,47945,1
1013,38281,1
1043,28079,1
758,37089,1
1573,18218,1
1976,38222,1
1079,36636,1
881,49547,1
255,55980,1
872,36005,1
761,19958,1
1273,49136,1
299,50230,1
460,44527,1
1050,43172,1
621,50475,1
41,52066,1
522,37342,1
455,43513,1
989,42813,1
276,53626,1
836,57506,1
1229,46412,1
1032,39260,1
17,24492,1
1109,64213,1
827,44372,1
143,17435,1
1262,29546,1
134,30457,1
1944,24194,1
890,38350,1
882,43726,1
735,44933,1
1005,59404,1
410,53471,1
989,35129,1
2125,44520,1
549,44909,1
1077,33071,1
995,40907,1
624,59441,1
246,40463,1
1216,47562,1
839,43214,1
956,48658,1
1727,40791,1
323,36119,1
715,47483,1
814,33358,1
1373,30219,1
1176,24001,1
270,38650,1
225,25387,1
624,42493,1
27,51660,1
485,24570,1
1320,36549,1
284,37464,1
943,30179,1
1349,33488,1
1548,50638,1
299,39600,1
786,38463,1
702,53152,1
1632,38907,1
92,44337,1
1364,55713,1
988,49542,1
391,38442,1
684,46938,1
5,28521,1
618,27869,1
710,37303,1
1073,39554,1
435,32907,1
532,30851,1
959,46133,1
416,35581,1
688,27604,1
842,48615,1
502,31575,1
238,38230,1
537,40828,1
706,53423,1
93,49609,1
178,28786,1
115,27365,1
296,30602,1
299,33256,1
664,48090,1
1456,30333,1
1181,29182,1
1067,49630,1
1058,39315,1
250,47602,1
589,47722,1
986,41688,1
1138,21103,1
435,48898,1
272,47758,1
356,32120,1
1287,37135,1
558,38285,1
1458,37454,1
230,37876,1
1866,49605,1
1136,42150,1
1465,18600,1
1195,34334,1
935,57139,1
274,27997,1
1638,34107,1
1516,46393,1
751,45582,1
442,36012,1
562,40446,1
1453,29830,1
961,51179,1
754,21508,1
617,31925,1
93,43956,1
705,35864,1
325,32962,1
913,52793,1
1240,40107,1
1235,48688,1
1412,37283,1
42,31813,1
876,37161,1
1234,49448,1
645,30102,1
332,37265,1
672,26431,1
50,47026,1
765,39600,1
886,24466,1
691,40233,1
684,35233,1
1050,42638,1
818,35902,1
1025,33072,1
890,49941,1
384,34232,1
867,30401,1
899,63041,1
831,58477,1
885,35324,1
355,55634,1
2024,32095,1
266,60183,1
1161,37469,1
325,41258,1
538,46953,1
732,42694,1
1093,45479,1
1622,37970,1
151,57657,1
1807,36307,1
1554,35929,1
1569,42415,1
773,39945,1
1377,49406,1
864,44429,1
774,40428,1
1237,40669,1
1363,35388,1
1089,60650,1
439,36839,1
1449,38720,1
1095,36282,1
763,48170,1
338,37767,1
1432,31251,1
1105,36813,1
872,40524,1
774,41872,1
1131,40314,1
759,37486,1
884,42866,1
565,29016,1
345,27013,1
475,28183,1
634,33377,1
2063,30839,1
1039,33784,1
507,42753,1
1437,38571,1
1348,58953,1
125,45764,1
254,53125,1
321,37027,1
694,40149,1
998,30671,1
1166,36325,1
1140,41776,1
70,49074,1
560,39144,1
1241,46148,1
1508,31101,1
1633,44327,1
1254,37646,1
1388,26863,1
843,33898,1
1267,36785,1
731,45252,1
216,22255,1
1358,50663,1
212,53619,1
289,46551,1
1335,45847,1
297,39082,1
315,51113,1
1379,30863,1
1766,47642,1
1994,44794,1
988,49057,1
649,37015,1
221,43073,1
397,41970,1
60,36000,1
368,50026,1
389,18008,1
286,45042,1
995,39316,1
1206,43715,1
544,24477,1
1576,30548,1
197,41315,1
484,36497,1
229,57232,1
130,46094,1
1112,31059,1
950,32676,1
375,32531,1
1102,38872,1
409,53624,1
691,43511,1
621,50805,1
683,57554,1
844,36855,1
867,29541,1
304,23867,1
1306,34412,1
98,48070,1
744,24303,1
464,16670,1
561,44404,1
932,37280,1
864,32889,1
1468,26698,1
1078,33001,1
443,27898,1
1161,52064,1
949,28412,1
347,24736,1
927,44369,1
1008,22095,1
426,38586,1
1080,48227,1
1088,43135,1
749,46478,1
944,41883,1
813,58339,1
252,38432,1
904,51705,1
937,27175,1
2086,35657,1
111,27370,1
542,52742,1
702,57468,1
343,67930,1
979,57839,1
543,40996,1
133,33371,1
1131,38834,1
1074,35873,1
1190,38017,1
442,54997,1
426,15499,1
740,46878,1
568,39873,1
773,47161,1
156,37600,1
82,29762,1
640,29902,1
1425,27669,1
376,37926,1
1068,28077,1
91,44092,1
676,21758,1
1086,36533,1
503,37750,1
553,48268,1
1292,39388,1
606,58893,1
927,44234,1
1218,56817,1
1774,42956,1
1267,41931,1
1016,49635,1
862,27356,1
369,38419,1
1186,47782,1
1207,42917,1
930,45178,1
602,33203,1
406,36750,1
853,31607,1
1491,54836,1
315,43441,1
1050,39586,1
887,50508,1
358,30217,1
1423,33591,1
1322,45582,1
511,25856,1
1014,34167,1
917,58470,1
380,40690,1
613,38635,1
831,39080,1
889,33036,1
697,28610,1
729,35634,1
773,49308,1
824,53320,1
824,36702,1
529,42249,1
242,41186,1
1603,34700,1
1914,55574,1
521,41039,1
1044,31524,1
551,24975,1
683,41680,1
1149,35310,1
147,52075,1
338,34333,1
1056,51318,1
930,30909,1
1025,34401,1
666,34912,1
409,45056,1
822,35358,1
1195,42107,1
537,35787,1
424,32640,1
692,23958,1
795,34170,1
798,29934,1
772,42139,1
1115,38155,1
1073,44764,1
739,40657,1
384,31750,1
69,41567,1
1374,36889,1
1164,36998,1
969,33412,1
1028,33089,1
1296,39718,1
1010,39457,1
71,40013,1
603,50215,1
833,49705,1
1516,48689,1
1489,46733,1
830,36164,1
705,42683,1
1015,31026,1
1112,33469,1
1551,31768,1
783,36917,1
1699,29196,1
782,49428,1
738,36086,1
601,43846,1
805,40237,1
585,55682,1
1493,51510,1
605,58469,1
830,35378,1
290,45991,1
922,38341,1
496,33783,1
641,37307,1
422,35523,1
998,46052,1
368,44046,1
624,46188,1
376,43940,1
1144,33625,1
1239,50067,1
443,55074,1
585,39553,1
1070,32939,1
1260,35733,1
1069,26315,1
863,36462,1
863,36774,1
1274,41944,1
209,40076,1
1000,51386,1
596,45929,1
1419,35620,1
1650,36091,1
498,26591,1
640,34880,1
1311,28978,1
447,49645,1
1153,27346,1
2088,44997,1
501,36155,1
411,39076,1
472,60656,1
627,37616,1
1219,45594,1
4,42174,1
880,45093,1
1489,49803,1
955,52224,1
911,40223,1
661,42946,1
453,48034,1
1010,46218,1
629,48381,1
866,33541,1
1050,30159,1
862,32901,1
722,26984,1
661,27874,1
512,36797,1
903,23847,1
29,55369,1
1101,43036,1
954,40908,1
826,53874,1
198,33724,1
613,34745,1
281,37690,1
1529,43125,1
641,46075,1
586,30143,1
1088,33673,1
2202,47287,1
222,32989,1
1235,50293,1
1147,64645,1
1186,24265,1
937,40240,1
914,43460,1
1460,44335,1
699,28683,1
1102,23218,1
907,27632,1
208,52249,1
435,39505,1
591,26674,1
886,42683,1
1231,44303,1
398,33057,1
792,47887,1
536,36259,1
537,21364,1
1177,29949,1
26,28164,1
737,54161,1
899,36362,1
1034,21837,1
366,47096,1
325,36555,1
943,38909,1
496,32818,1
1163,38903,1
691,42342,1
503,20476,1
963,33110,1
923,52206,1
331,45105,1
796,37923,1
740,48283,1
816,31752,1
928,38197,1
24,36070,1
1168,17199,1
507,51114,1
47,38293,1
